company,category,date,aum,new_issue,nav_change,holding_sales
__industry__,active_equity,20241231,34256.0,0.0,0.0,0.0
__industry__,active_equity,20250331,34871.0,0.0,0.0,0.0
__industry__,active_equity,20250630,34725.0,528.0,2143.0,-2201.0
万家,active_equity,20241231,508.0,0.0,0.0,0.0
万家,active_equity,20250331,479.0,0.0,0.0,0.0
万家,active_equity,20250630,450.3216,5.0,13.0,-75.0
上银,active_equity,20241231,22.4564,0.0,0.0,0.0
上银,active_equity,20250331,22.4564,0.0,0.0,0.0
上银,active_equity,20250630,22.4564,0.0,0.0,0.0
东兴,active_equity,20241231,3.9455,0.0,0.0,0.0
东兴,active_equity,20250331,3.9455,0.0,0.0,0.0
东兴,active_equity,20250630,3.9455,0.0,0.0,0.0
东吴,active_equity,20241231,95.7428,0.0,0.0,0.0
东吴,active_equity,20250331,95.7428,0.0,0.0,0.0
东吴,active_equity,20250630,95.7428,0.0,0.0,0.0
东吴证券,active_equity,20241231,0.8567,0.0,0.0,0.0
东吴证券,active_equity,20250331,0.8567,0.0,0.0,0.0
东吴证券,active_equity,20250630,0.8567,0.0,0.0,0.0
东方,active_equity,20241231,163.5711,0.0,0.0,0.0
东方,active_equity,20250331,163.5711,0.0,0.0,0.0
东方,active_equity,20250630,163.5711,0.0,0.0,0.0
东方红,active_equity,20241231,725.0,0.0,0.0,0.0
东方红,active_equity,20250331,705.5,0.0,0.0,0.0
东方红,active_equity,20250630,685.9014,26.0,39.0,-93.0
东方阿尔法,active_equity,20241231,52.7834,0.0,0.0,0.0
东方阿尔法,active_equity,20250331,52.7834,0.0,0.0,0.0
东方阿尔法,active_equity,20250630,52.7834,0.0,0.0,0.0
东海,active_equity,20241231,0.541,0.0,0.0,0.0
东海,active_equity,20250331,0.541,0.0,0.0,0.0
东海,active_equity,20250630,0.541,0.0,0.0,0.0
东海证券,active_equity,20241231,1.1199,0.0,0.0,0.0
东海证券,active_equity,20250331,1.1199,0.0,0.0,0.0
东海证券,active_equity,20250630,1.1199,0.0,0.0,0.0
中信保诚,active_equity,20241231,172.5915,0.0,0.0,0.0
中信保诚,active_equity,20250331,172.5915,0.0,0.0,0.0
中信保诚,active_equity,20250630,172.5915,0.0,0.0,0.0
中信建投,active_equity,20241231,77.2055,0.0,0.0,0.0
中信建投,active_equity,20250331,77.2055,0.0,0.0,0.0
中信建投,active_equity,20250630,77.2055,0.0,0.0,0.0
中信建投证券,active_equity,20241231,8.0836,0.0,0.0,0.0
中信建投证券,active_equity,20250331,8.0836,0.0,0.0,0.0
中信建投证券,active_equity,20250630,8.0836,0.0,0.0,0.0
中信证券资管,active_equity,20241231,113.9301,0.0,0.0,0.0
中信证券资管,active_equity,20250331,113.9301,0.0,0.0,0.0
中信证券资管,active_equity,20250630,113.9301,0.0,0.0,0.0
中加,active_equity,20241231,7.3947,0.0,0.0,0.0
中加,active_equity,20250331,7.3947,0.0,0.0,0.0
中加,active_equity,20250630,7.3947,0.0,0.0,0.0
中庚,active_equity,20241231,116.0726,0.0,0.0,0.0
中庚,active_equity,20250331,116.0726,0.0,0.0,0.0
中庚,active_equity,20250630,116.0726,0.0,0.0,0.0
中欧,active_equity,20241231,1670.0,0.0,0.0,0.0
中欧,active_equity,20250331,1747.0,0.0,0.0,0.0
中欧,active_equity,20250630,1823.9062,21.0,144.0,-10.0
中泰证券资管,active_equity,20241231,160.5511,0.0,0.0,0.0
中泰证券资管,active_equity,20250331,160.5511,0.0,0.0,0.0
中泰证券资管,active_equity,20250630,160.5511,0.0,0.0,0.0
中海,active_equity,20241231,43.3668,0.0,0.0,0.0
中海,active_equity,20250331,43.3668,0.0,0.0,0.0
中海,active_equity,20250630,43.3668,0.0,0.0,0.0
中科沃土,active_equity,20241231,0.405,0.0,0.0,0.0
中科沃土,active_equity,20250331,0.405,0.0,0.0,0.0
中科沃土,active_equity,20250630,0.405,0.0,0.0,0.0
中航,active_equity,20241231,34.6792,0.0,0.0,0.0
中航,active_equity,20250331,34.6792,0.0,0.0,0.0
中航,active_equity,20250630,34.6792,0.0,0.0,0.0
中邮,active_equity,20241231,136.3679,0.0,0.0,0.0
中邮,active_equity,20250331,136.3679,0.0,0.0,0.0
中邮,active_equity,20250630,136.3679,0.0,0.0,0.0
中金,active_equity,20241231,26.8086,0.0,0.0,0.0
中金,active_equity,20250331,26.8086,0.0,0.0,0.0
中金,active_equity,20250630,26.8086,0.0,0.0,0.0
中金公司,active_equity,20241231,3.2098,0.0,0.0,0.0
中金公司,active_equity,20250331,3.2098,0.0,0.0,0.0
中金公司,active_equity,20250630,3.2098,0.0,0.0,0.0
中银,active_equity,20241231,190.7972,0.0,0.0,0.0
中银,active_equity,20250331,190.7972,0.0,0.0,0.0
中银,active_equity,20250630,190.7972,0.0,0.0,0.0
中银证券,active_equity,20241231,13.09,0.0,0.0,0.0
中银证券,active_equity,20250331,13.09,0.0,0.0,0.0
中银证券,active_equity,20250630,13.09,0.0,0.0,0.0
九泰,active_equity,20241231,8.7926,0.0,0.0,0.0
九泰,active_equity,20250331,8.7926,0.0,0.0,0.0
九泰,active_equity,20250630,8.7926,0.0,0.0,0.0
交银施罗德,active_equity,20241231,901.0,0.0,0.0,0.0
交银施罗德,active_equity,20250331,884.5,0.0,0.0,0.0
交银施罗德,active_equity,20250630,868.3625,15.0,63.0,-112.0
京管泰富,active_equity,20241231,3.4323,0.0,0.0,0.0
京管泰富,active_equity,20250331,3.4323,0.0,0.0,0.0
京管泰富,active_equity,20250630,3.4323,0.0,0.0,0.0
人保资产,active_equity,20241231,7.1882,0.0,0.0,0.0
人保资产,active_equity,20250331,7.1882,0.0,0.0,0.0
人保资产,active_equity,20250630,7.1882,0.0,0.0,0.0
信达澳亚,active_equity,20241231,351.3279,0.0,0.0,0.0
信达澳亚,active_equity,20250331,351.3279,0.0,0.0,0.0
信达澳亚,active_equity,20250630,351.3279,4.0,36.0,-39.0
先锋,active_equity,20241231,0.5837,0.0,0.0,0.0
先锋,active_equity,20250331,0.5837,0.0,0.0,0.0
先锋,active_equity,20250630,0.5837,0.0,0.0,0.0
光大保德信,active_equity,20241231,82.6852,0.0,0.0,0.0
光大保德信,active_equity,20250331,82.6852,0.0,0.0,0.0
光大保德信,active_equity,20250630,82.6852,0.0,0.0,0.0
光证资管,active_equity,20241231,13.4271,0.0,0.0,0.0
光证资管,active_equity,20250331,13.4271,0.0,0.0,0.0
光证资管,active_equity,20250630,13.4271,0.0,0.0,0.0
兴业,active_equity,20241231,99.9233,0.0,0.0,0.0
兴业,active_equity,20250331,99.9233,0.0,0.0,0.0
兴业,active_equity,20250630,99.9233,0.0,0.0,0.0
兴华,active_equity,20241231,0.1591,0.0,0.0,0.0
兴华,active_equity,20250331,0.1591,0.0,0.0,0.0
兴华,active_equity,20250630,0.1591,0.0,0.0,0.0
兴合,active_equity,20241231,0.5541,0.0,0.0,0.0
兴合,active_equity,20250331,0.5541,0.0,0.0,0.0
兴合,active_equity,20250630,0.5541,0.0,0.0,0.0
兴证全球,active_equity,20241231,1174.0,0.0,0.0,0.0
兴证全球,active_equity,20250331,1175.5,0.0,0.0,0.0
兴证全球,active_equity,20250630,1176.8063,6.0,47.0,-51.0
兴证资管,active_equity,20241231,6.4704,0.0,0.0,0.0
兴证资管,active_equity,20250331,6.4704,0.0,0.0,0.0
兴证资管,active_equity,20250630,6.4704,0.0,0.0,0.0
兴银,active_equity,20241231,6.5808,0.0,0.0,0.0
兴银,active_equity,20250331,6.5808,0.0,0.0,0.0
兴银,active_equity,20250630,6.5808,0.0,0.0,0.0
农银汇理,active_equity,20241231,319.0,0.0,0.0,0.0
农银汇理,active_equity,20250331,307.0,0.0,0.0,0.0
农银汇理,active_equity,20250630,294.9449,3.0,3.0,-30.0
凯石,active_equity,20241231,0.9902,0.0,0.0,0.0
凯石,active_equity,20250331,0.9902,0.0,0.0,0.0
凯石,active_equity,20250630,0.9902,0.0,0.0,0.0
创金合信,active_equity,20241231,121.0244,0.0,0.0,0.0
创金合信,active_equity,20250331,121.0244,0.0,0.0,0.0
创金合信,active_equity,20250630,121.0244,0.0,0.0,0.0
前海开源,active_equity,20241231,472.0,0.0,0.0,0.0
前海开源,active_equity,20250331,469.0,0.0,0.0,0.0
前海开源,active_equity,20250630,466.3368,6.0,17.0,-29.0
北信瑞丰,active_equity,20241231,2.8486,0.0,0.0,0.0
北信瑞丰,active_equity,20250331,2.8486,0.0,0.0,0.0
北信瑞丰,active_equity,20250630,2.8486,0.0,0.0,0.0
华商,active_equity,20241231,468.0,0.0,0.0,0.0
华商,active_equity,20250331,425.0,0.0,0.0,0.0
华商,active_equity,20250630,381.508,13.0,60.0,-160.0
华夏,active_equity,20241231,1360.0,0.0,0.0,0.0
华夏,active_equity,20250331,1345.5,0.0,0.0,0.0
华夏,active_equity,20250630,1331.1329,8.0,60.0,-96.0
华安,active_equity,20241231,819.0,0.0,0.0,0.0
华安,active_equity,20250331,798.5,0.0,0.0,0.0
华安,active_equity,20250630,778.0973,6.0,34.0,-81.0
华安资管,active_equity,20241231,4.1035,0.0,0.0,0.0
华安资管,active_equity,20250331,4.1035,0.0,0.0,0.0
华安资管,active_equity,20250630,4.1035,0.0,0.0,0.0
华宝,active_equity,20241231,243.7563,0.0,0.0,0.0
华宝,active_equity,20250331,243.7563,0.0,0.0,0.0
华宝,active_equity,20250630,243.7563,0.0,0.0,0.0
华宸未来,active_equity,20241231,0.0536,0.0,0.0,0.0
华宸未来,active_equity,20250331,0.0536,0.0,0.0,0.0
华宸未来,active_equity,20250630,0.0536,0.0,0.0,0.0
华富,active_equity,20241231,47.7929,0.0,0.0,0.0
华富,active_equity,20250331,47.7929,0.0,0.0,0.0
华富,active_equity,20250630,47.7929,0.0,0.0,0.0
华泰保兴,active_equity,20241231,21.8964,0.0,0.0,0.0
华泰保兴,active_equity,20250331,21.8964,0.0,0.0,0.0
华泰保兴,active_equity,20250630,21.8964,0.0,0.0,0.0
华泰柏瑞,active_equity,20241231,268.3238,0.0,0.0,0.0
华泰柏瑞,active_equity,20250331,268.3238,0.0,0.0,0.0
华泰柏瑞,active_equity,20250630,268.3238,0.0,0.0,0.0
华泰证券资管,active_equity,20241231,15.2755,0.0,0.0,0.0
华泰证券资管,active_equity,20250331,15.2755,0.0,0.0,0.0
华泰证券资管,active_equity,20250630,15.2755,0.0,0.0,0.0
华润元大,active_equity,20241231,2.2749,0.0,0.0,0.0
华润元大,active_equity,20250331,2.2749,0.0,0.0,0.0
华润元大,active_equity,20250630,2.2749,0.0,0.0,0.0
华西,active_equity,20241231,2.9732,0.0,0.0,0.0
华西,active_equity,20250331,2.9732,0.0,0.0,0.0
华西,active_equity,20250630,2.9732,0.0,0.0,0.0
南华,active_equity,20241231,6.2392,0.0,0.0,0.0
南华,active_equity,20250331,6.2392,0.0,0.0,0.0
南华,active_equity,20250630,6.2392,0.0,0.0,0.0
南方,active_equity,20241231,1083.0,0.0,0.0,0.0
南方,active_equity,20250331,1072.0,0.0,0.0,0.0
南方,active_equity,20250630,1061.0627,15.0,69.0,-106.0
博时,active_equity,20241231,641.0,0.0,0.0,0.0
博时,active_equity,20250331,645.0,0.0,0.0,0.0
博时,active_equity,20250630,649.1599,5.0,38.0,-34.0
博道,active_equity,20241231,157.8173,0.0,0.0,0.0
博道,active_equity,20250331,157.8173,0.0,0.0,0.0
博道,active_equity,20250630,157.8173,0.0,0.0,0.0
合煦智远,active_equity,20241231,0.1971,0.0,0.0,0.0
合煦智远,active_equity,20250331,0.1971,0.0,0.0,0.0
合煦智远,active_equity,20250630,0.1971,0.0,0.0,0.0
同泰,active_equity,20241231,10.4311,0.0,0.0,0.0
同泰,active_equity,20250331,10.4311,0.0,0.0,0.0
同泰,active_equity,20250630,10.4311,0.0,0.0,0.0
嘉合,active_equity,20241231,7.4092,0.0,0.0,0.0
嘉合,active_equity,20250331,7.4092,0.0,0.0,0.0
嘉合,active_equity,20250630,7.4092,0.0,0.0,0.0
嘉实,active_equity,20241231,1387.0,0.0,0.0,0.0
嘉实,active_equity,20250331,1368.5,0.0,0.0,0.0
嘉实,active_equity,20250630,1350.0771,9.0,85.0,-131.0
国寿安保,active_equity,20241231,46.5783,0.0,0.0,0.0
国寿安保,active_equity,20250331,46.5783,0.0,0.0,0.0
国寿安保,active_equity,20250630,46.5783,0.0,0.0,0.0
国投瑞银,active_equity,20241231,242.676,0.0,0.0,0.0
国投瑞银,active_equity,20250331,242.676,0.0,0.0,0.0
国投瑞银,active_equity,20250630,242.676,0.0,0.0,0.0
国新国证,active_equity,20241231,2.1816,0.0,0.0,0.0
国新国证,active_equity,20250331,2.1816,0.0,0.0,0.0
国新国证,active_equity,20250630,2.1816,0.0,0.0,0.0
国泰,active_equity,20241231,324.0,0.0,0.0,0.0
国泰,active_equity,20250331,332.5,0.0,0.0,0.0
国泰,active_equity,20250630,340.7536,0.0,20.0,-2.0
国泰君安资管,active_equity,20241231,49.6169,0.0,0.0,0.0
国泰君安资管,active_equity,20250331,49.6169,0.0,0.0,0.0
国泰君安资管,active_equity,20250630,49.6169,0.0,0.0,0.0
国海富兰克林,active_equity,20241231,248.2522,0.0,0.0,0.0
国海富兰克林,active_equity,20250331,248.2522,0.0,0.0,0.0
国海富兰克林,active_equity,20250630,248.2522,0.0,0.0,0.0
国联,active_equity,20241231,70.0094,0.0,0.0,0.0
国联,active_equity,20250331,70.0094,0.0,0.0,0.0
国联,active_equity,20250630,70.0094,0.0,0.0,0.0
国联安,active_equity,20241231,54.1455,0.0,0.0,0.0
国联安,active_equity,20250331,54.1455,0.0,0.0,0.0
国联安,active_equity,20250630,54.1455,0.0,0.0,0.0
国融,active_equity,20241231,12.4163,0.0,0.0,0.0
国融,active_equity,20250331,12.4163,0.0,0.0,0.0
国融,active_equity,20250630,12.4163,0.0,0.0,0.0
国都证券,active_equity,20241231,0.1998,0.0,0.0,0.0
国都证券,active_equity,20250331,0.1998,0.0,0.0,0.0
国都证券,active_equity,20250630,0.1998,0.0,0.0,0.0
国金,active_equity,20241231,106.9637,0.0,0.0,0.0
国金,active_equity,20250331,106.9637,0.0,0.0,0.0
国金,active_equity,20250630,106.9637,0.0,0.0,0.0
圆信永丰,active_equity,20241231,82.3845,0.0,0.0,0.0
圆信永丰,active_equity,20250331,82.3845,0.0,0.0,0.0
圆信永丰,active_equity,20250630,82.3845,0.0,0.0,0.0
大成,active_equity,20241231,762.0,0.0,0.0,0.0
大成,active_equity,20250331,809.5,0.0,0.0,0.0
大成,active_equity,20250630,856.8224,27.0,46.0,21.0
天弘,active_equity,20241231,146.2892,0.0,0.0,0.0
天弘,active_equity,20250331,146.2892,0.0,0.0,0.0
天弘,active_equity,20250630,146.2892,0.0,0.0,0.0
天治,active_equity,20241231,4.3212,0.0,0.0,0.0
天治,active_equity,20250331,4.3212,0.0,0.0,0.0
天治,active_equity,20250630,4.3212,0.0,0.0,0.0
太平,active_equity,20241231,24.9718,0.0,0.0,0.0
太平,active_equity,20250331,24.9718,0.0,0.0,0.0
太平,active_equity,20250630,24.9718,0.0,0.0,0.0
安信,active_equity,20241231,168.2193,0.0,0.0,0.0
安信,active_equity,20250331,168.2193,0.0,0.0,0.0
安信,active_equity,20250630,168.2193,0.0,0.0,0.0
安联,active_equity,20241231,1.2648,0.0,0.0,0.0
安联,active_equity,20250331,1.2648,0.0,0.0,0.0
安联,active_equity,20250630,1.2648,0.0,0.0,0.0
宏利,active_equity,20241231,162.2065,0.0,0.0,0.0
宏利,active_equity,20250331,162.2065,0.0,0.0,0.0
宏利,active_equity,20250630,162.2065,0.0,0.0,0.0
宝盈,active_equity,20241231,186.5938,0.0,0.0,0.0
宝盈,active_equity,20250331,186.5938,0.0,0.0,0.0
宝盈,active_equity,20250630,186.5938,0.0,0.0,0.0
富国,active_equity,20241231,1674.0,0.0,0.0,0.0
富国,active_equity,20250331,1740.0,0.0,0.0,0.0
富国,active_equity,20250630,1806.3479,50.0,155.0,-66.0
富安达,active_equity,20241231,13.8585,0.0,0.0,0.0
富安达,active_equity,20250331,13.8585,0.0,0.0,0.0
富安达,active_equity,20250630,13.8585,0.0,0.0,0.0
富荣,active_equity,20241231,4.4321,0.0,0.0,0.0
富荣,active_equity,20250331,4.4321,0.0,0.0,0.0
富荣,active_equity,20250630,4.4321,0.0,0.0,0.0
富达,active_equity,20241231,6.0496,0.0,0.0,0.0
富达,active_equity,20250331,6.0496,0.0,0.0,0.0
富达,active_equity,20250630,6.0496,0.0,0.0,0.0
尚正,active_equity,20241231,4.5642,0.0,0.0,0.0
尚正,active_equity,20250331,4.5642,0.0,0.0,0.0
尚正,active_equity,20250630,4.5642,0.0,0.0,0.0
山证资管,active_equity,20241231,2.0056,0.0,0.0,0.0
山证资管,active_equity,20250331,2.0056,0.0,0.0,0.0
山证资管,active_equity,20250630,2.0056,0.0,0.0,0.0
工银瑞信,active_equity,20241231,971.0,0.0,0.0,0.0
工银瑞信,active_equity,20250331,966.5,0.0,0.0,0.0
工银瑞信,active_equity,20250630,962.01,2.0,62.0,-73.0
平安,active_equity,20241231,248.7902,0.0,0.0,0.0
平安,active_equity,20250331,248.7902,0.0,0.0,0.0
平安,active_equity,20250630,248.7902,0.0,0.0,0.0
广发,active_equity,20241231,1868.0,0.0,0.0,0.0
广发,active_equity,20250331,1883.5,0.0,0.0,0.0
广发,active_equity,20250630,1898.8691,37.0,101.0,-108.0
广发资管,active_equity,20241231,13.4552,0.0,0.0,0.0
广发资管,active_equity,20250331,13.4552,0.0,0.0,0.0
广发资管,active_equity,20250630,13.4552,0.0,0.0,0.0
建信,active_equity,20241231,249.5072,0.0,0.0,0.0
建信,active_equity,20250331,249.5072,0.0,0.0,0.0
建信,active_equity,20250630,249.5072,0.0,0.0,0.0
弘毅远方,active_equity,20241231,1.6542,0.0,0.0,0.0
弘毅远方,active_equity,20250331,1.6542,0.0,0.0,0.0
弘毅远方,active_equity,20250630,1.6542,0.0,0.0,0.0
德邦,active_equity,20241231,46.447,0.0,0.0,0.0
德邦,active_equity,20250331,46.447,0.0,0.0,0.0
德邦,active_equity,20250630,46.447,0.0,0.0,0.0
恒生前海,active_equity,20241231,5.0693,0.0,0.0,0.0
恒生前海,active_equity,20250331,5.0693,0.0,0.0,0.0
恒生前海,active_equity,20250630,5.0693,0.0,0.0,0.0
恒越,active_equity,20241231,27.4703,0.0,0.0,0.0
恒越,active_equity,20250331,27.4703,0.0,0.0,0.0
恒越,active_equity,20250630,27.4703,0.0,0.0,0.0
惠升,active_equity,20241231,30.8062,0.0,0.0,0.0
惠升,active_equity,20250331,30.8062,0.0,0.0,0.0
惠升,active_equity,20250630,30.8062,0.0,0.0,0.0
招商,active_equity,20241231,603.0,0.0,0.0,0.0
招商,active_equity,20250331,605.5,0.0,0.0,0.0
招商,active_equity,20250630,607.6999,13.0,56.0,-56.0
招商资管,active_equity,20241231,1.4306,0.0,0.0,0.0
招商资管,active_equity,20250331,1.4306,0.0,0.0,0.0
招商资管,active_equity,20250630,1.4306,0.0,0.0,0.0
摩根,active_equity,20241231,373.0,0.0,0.0,0.0
摩根,active_equity,20250331,378.5,0.0,0.0,0.0
摩根,active_equity,20250630,383.9073,0.0,33.0,-22.0
摩根士丹利,active_equity,20241231,103.6788,0.0,0.0,0.0
摩根士丹利,active_equity,20250331,103.6788,0.0,0.0,0.0
摩根士丹利,active_equity,20250630,103.6788,0.0,0.0,0.0
新华,active_equity,20241231,56.4777,0.0,0.0,0.0
新华,active_equity,20250331,56.4777,0.0,0.0,0.0
新华,active_equity,20250630,56.4777,0.0,0.0,0.0
新沃,active_equity,20241231,0.5284,0.0,0.0,0.0
新沃,active_equity,20250331,0.5284,0.0,0.0,0.0
新沃,active_equity,20250630,0.5284,0.0,0.0,0.0
新疆前海联合,active_equity,20241231,8.098,0.0,0.0,0.0
新疆前海联合,active_equity,20250331,8.098,0.0,0.0,0.0
新疆前海联合,active_equity,20250630,8.098,0.0,0.0,0.0
方正富邦,active_equity,20241231,31.573,0.0,0.0,0.0
方正富邦,active_equity,20250331,31.573,0.0,0.0,0.0
方正富邦,active_equity,20250630,31.573,0.0,0.0,0.0
施罗德,active_equity,20241231,1.2517,0.0,0.0,0.0
施罗德,active_equity,20250331,1.2517,0.0,0.0,0.0
施罗德,active_equity,20250630,1.2517,0.0,0.0,0.0
明亚,active_equity,20241231,0.1323,0.0,0.0,0.0
明亚,active_equity,20250331,0.1323,0.0,0.0,0.0
明亚,active_equity,20250630,0.1323,0.0,0.0,0.0
易方达,active_equity,20241231,2531.0,0.0,0.0,0.0
易方达,active_equity,20250331,2480.5,0.0,0.0,0.0
易方达,active_equity,20250630,2429.931,17.0,124.0,-226.0
易米,active_equity,20241231,5.5555,0.0,0.0,0.0
易米,active_equity,20250331,5.5555,0.0,0.0,0.0
易米,active_equity,20250630,5.5555,0.0,0.0,0.0
景顺长城,active_equity,20241231,1421.0,0.0,0.0,0.0
景顺长城,active_equity,20250331,1380.5,0.0,0.0,0.0
景顺长城,active_equity,20250630,1339.6008,27.0,51.0,-159.0
朱雀,active_equity,20241231,98.629,0.0,0.0,0.0
朱雀,active_equity,20250331,98.629,0.0,0.0,0.0
朱雀,active_equity,20250630,98.629,0.0,0.0,0.0
格林,active_equity,20241231,6.3373,0.0,0.0,0.0
格林,active_equity,20250331,6.3373,0.0,0.0,0.0
格林,active_equity,20250630,6.3373,0.0,0.0,0.0
民生加银,active_equity,20241231,136.41,0.0,0.0,0.0
民生加银,active_equity,20250331,136.41,0.0,0.0,0.0
民生加银,active_equity,20250630,136.41,0.0,0.0,0.0
永赢,active_equity,20241231,168.0,0.0,0.0,0.0
永赢,active_equity,20250331,290.5,0.0,0.0,0.0
永赢,active_equity,20250630,412.9065,4.0,23.0,219.0
汇丰晋信,active_equity,20241231,219.5487,0.0,0.0,0.0
汇丰晋信,active_equity,20250331,219.5487,0.0,0.0,0.0
汇丰晋信,active_equity,20250630,219.5487,0.0,0.0,0.0
汇安,active_equity,20241231,47.7591,0.0,0.0,0.0
汇安,active_equity,20250331,47.7591,0.0,0.0,0.0
汇安,active_equity,20250630,47.7591,0.0,0.0,0.0
汇泉,active_equity,20241231,12.1024,0.0,0.0,0.0
汇泉,active_equity,20250331,12.1024,0.0,0.0,0.0
汇泉,active_equity,20250630,12.1024,0.0,0.0,0.0
汇添富,active_equity,20241231,1453.0,0.0,0.0,0.0
汇添富,active_equity,20250331,1470.5,0.0,0.0,0.0
汇添富,active_equity,20250630,1488.4774,10.0,113.0,-88.0
汇百川,active_equity,20241231,0.6238,0.0,0.0,0.0
汇百川,active_equity,20250331,0.6238,0.0,0.0,0.0
汇百川,active_equity,20250630,0.6238,0.0,0.0,0.0
江信,active_equity,20241231,0.1876,0.0,0.0,0.0
江信,active_equity,20250331,0.1876,0.0,0.0,0.0
江信,active_equity,20250630,0.1876,0.0,0.0,0.0
泉果,active_equity,20241231,163.1878,0.0,0.0,0.0
泉果,active_equity,20250331,163.1878,0.0,0.0,0.0
泉果,active_equity,20250630,163.1878,0.0,0.0,0.0
泓德,active_equity,20241231,313.0,0.0,0.0,0.0
泓德,active_equity,20250331,303.5,0.0,0.0,0.0
泓德,active_equity,20250630,294.385,7.0,13.0,-39.0
泰信,active_equity,20241231,50.6289,0.0,0.0,0.0
泰信,active_equity,20250331,50.6289,0.0,0.0,0.0
泰信,active_equity,20250630,50.6289,0.0,0.0,0.0
泰康,active_equity,20241231,126.0096,0.0,0.0,0.0
泰康,active_equity,20250331,126.0096,0.0,0.0,0.0
泰康,active_equity,20250630,126.0096,0.0,0.0,0.0
浙商,active_equity,20241231,30.9393,0.0,0.0,0.0
浙商,active_equity,20250331,30.9393,0.0,0.0,0.0
浙商,active_equity,20250630,30.9393,0.0,0.0,0.0
浙商资管,active_equity,20241231,5.4197,0.0,0.0,0.0
浙商资管,active_equity,20250331,5.4197,0.0,0.0,0.0
浙商资管,active_equity,20250630,5.4197,0.0,0.0,0.0
浦银安盛,active_equity,20241231,77.0544,0.0,0.0,0.0
浦银安盛,active_equity,20250331,77.0544,0.0,0.0,0.0
浦银安盛,active_equity,20250630,77.0544,0.0,0.0,0.0
海富通,active_equity,20241231,168.1936,0.0,0.0,0.0
海富通,active_equity,20250331,168.1936,0.0,0.0,0.0
海富通,active_equity,20250630,168.1936,0.0,0.0,0.0
海通资管,active_equity,20241231,4.3851,0.0,0.0,0.0
海通资管,active_equity,20250331,4.3851,0.0,0.0,0.0
海通资管,active_equity,20250630,4.3851,0.0,0.0,0.0
淳厚,active_equity,20241231,24.6907,0.0,0.0,0.0
淳厚,active_equity,20250331,24.6907,0.0,0.0,0.0
淳厚,active_equity,20250630,24.6907,0.0,0.0,0.0
渤海汇金资管,active_equity,20241231,0.7508,0.0,0.0,0.0
渤海汇金资管,active_equity,20250331,0.7508,0.0,0.0,0.0
渤海汇金资管,active_equity,20250630,0.7508,0.0,0.0,0.0
湘财,active_equity,20241231,14.8013,0.0,0.0,0.0
湘财,active_equity,20250331,14.8013,0.0,0.0,0.0
湘财,active_equity,20250630,14.8013,0.0,0.0,0.0
瑞达,active_equity,20241231,0.8919,0.0,0.0,0.0
瑞达,active_equity,20250331,0.8919,0.0,0.0,0.0
瑞达,active_equity,20250630,0.8919,0.0,0.0,0.0
申万菱信,active_equity,20241231,107.8679,0.0,0.0,0.0
申万菱信,active_equity,20250331,107.8679,0.0,0.0,0.0
申万菱信,active_equity,20250630,107.8679,0.0,0.0,0.0
百嘉,active_equity,20241231,0.7681,0.0,0.0,0.0
百嘉,active_equity,20250331,0.7681,0.0,0.0,0.0
百嘉,active_equity,20250630,0.7681,0.0,0.0,0.0
益民,active_equity,20241231,8.2222,0.0,0.0,0.0
益民,active_equity,20250331,8.2222,0.0,0.0,0.0
益民,active_equity,20250630,8.2222,0.0,0.0,0.0
睿远,active_equity,20241231,319.0,0.0,0.0,0.0
睿远,active_equity,20250331,324.5,0.0,0.0,0.0
睿远,active_equity,20250630,329.9928,0.0,30.0,-19.0
红土创新,active_equity,20241231,9.693,0.0,0.0,0.0
红土创新,active_equity,20250331,9.693,0.0,0.0,0.0
红土创新,active_equity,20250630,9.693,0.0,0.0,0.0
红塔红土,active_equity,20241231,1.7675,0.0,0.0,0.0
红塔红土,active_equity,20250331,1.7675,0.0,0.0,0.0
红塔红土,active_equity,20250630,1.7675,0.0,0.0,0.0
联博,active_equity,20241231,4.9615,0.0,0.0,0.0
联博,active_equity,20250331,4.9615,0.0,0.0,0.0
联博,active_equity,20250630,4.9615,0.0,0.0,0.0
英大,active_equity,20241231,8.6991,0.0,0.0,0.0
英大,active_equity,20250331,8.6991,0.0,0.0,0.0
英大,active_equity,20250630,8.6991,0.0,0.0,0.0
蜂巢,active_equity,20241231,0.2799,0.0,0.0,0.0
蜂巢,active_equity,20250331,0.2799,0.0,0.0,0.0
蜂巢,active_equity,20250630,0.2799,0.0,0.0,0.0
融通,active_equity,20241231,168.525,0.0,0.0,0.0
融通,active_equity,20250331,168.525,0.0,0.0,0.0
融通,active_equity,20250630,168.525,0.0,0.0,0.0
西藏东财,active_equity,20241231,4.4164,0.0,0.0,0.0
西藏东财,active_equity,20250331,4.4164,0.0,0.0,0.0
西藏东财,active_equity,20250630,4.4164,0.0,0.0,0.0
西部利得,active_equity,20241231,69.4195,0.0,0.0,0.0
西部利得,active_equity,20250331,69.4195,0.0,0.0,0.0
西部利得,active_equity,20250630,69.4195,0.0,0.0,0.0
诺安,active_equity,20241231,422.0,0.0,0.0,0.0
诺安,active_equity,20250331,435.0,0.0,0.0,0.0
诺安,active_equity,20250630,447.8158,0.0,23.0,2.0
诺德,active_equity,20241231,49.0294,0.0,0.0,0.0
诺德,active_equity,20250331,49.0294,0.0,0.0,0.0
诺德,active_equity,20250630,49.0294,0.0,0.0,0.0
贝莱德,active_equity,20241231,29.6734,0.0,0.0,0.0
贝莱德,active_equity,20250331,29.6734,0.0,0.0,0.0
贝莱德,active_equity,20250630,29.6734,0.0,0.0,0.0
财通,active_equity,20241231,82.9131,0.0,0.0,0.0
财通,active_equity,20250331,82.9131,0.0,0.0,0.0
财通,active_equity,20250630,82.9131,0.0,0.0,0.0
财通证券资管,active_equity,20241231,109.6288,0.0,0.0,0.0
财通证券资管,active_equity,20250331,109.6288,0.0,0.0,0.0
财通证券资管,active_equity,20250630,109.6288,0.0,0.0,0.0
路博迈,active_equity,20241231,2.4648,0.0,0.0,0.0
路博迈,active_equity,20250331,2.4648,0.0,0.0,0.0
路博迈,active_equity,20250630,2.4648,0.0,0.0,0.0
达诚,active_equity,20241231,1.6044,0.0,0.0,0.0
达诚,active_equity,20250331,1.6044,0.0,0.0,0.0
达诚,active_equity,20250630,1.6044,0.0,0.0,0.0
金信,active_equity,20241231,41.7671,0.0,0.0,0.0
金信,active_equity,20250331,41.7671,0.0,0.0,0.0
金信,active_equity,20250630,41.7671,0.0,0.0,0.0
金元顺安,active_equity,20241231,21.6522,0.0,0.0,0.0
金元顺安,active_equity,20250331,21.6522,0.0,0.0,0.0
金元顺安,active_equity,20250630,21.6522,0.0,0.0,0.0
金鹰,active_equity,20241231,154.5422,0.0,0.0,0.0
金鹰,active_equity,20250331,154.5422,0.0,0.0,0.0
金鹰,active_equity,20250630,154.5422,0.0,0.0,0.0
鑫元,active_equity,20241231,18.9821,0.0,0.0,0.0
鑫元,active_equity,20250331,18.9821,0.0,0.0,0.0
鑫元,active_equity,20250630,18.9821,0.0,0.0,0.0
银华,active_equity,20241231,702.0,0.0,0.0,0.0
银华,active_equity,20250331,710.5,0.0,0.0,0.0
银华,active_equity,20250630,718.6869,10.0,52.0,-46.0
银河,active_equity,20241231,235.5635,0.0,0.0,0.0
银河,active_equity,20250331,235.5635,0.0,0.0,0.0
银河,active_equity,20250630,235.5635,0.0,0.0,0.0
长信,active_equity,20241231,155.3253,0.0,0.0,0.0
长信,active_equity,20250331,155.3253,0.0,0.0,0.0
长信,active_equity,20250630,155.3253,0.0,0.0,0.0
长城,active_equity,20241231,232.4604,0.0,0.0,0.0
长城,active_equity,20250331,232.4604,0.0,0.0,0.0
长城,active_equity,20250630,232.4604,0.0,0.0,0.0
长安,active_equity,20241231,37.1129,0.0,0.0,0.0
长安,active_equity,20250331,37.1129,0.0,0.0,0.0
长安,active_equity,20250630,37.1129,0.0,0.0,0.0
长江资管,active_equity,20241231,14.7863,0.0,0.0,0.0
长江资管,active_equity,20250331,14.7863,0.0,0.0,0.0
长江资管,active_equity,20250630,14.7863,0.0,0.0,0.0
长盛,active_equity,20241231,109.8199,0.0,0.0,0.0
长盛,active_equity,20250331,109.8199,0.0,0.0,0.0
长盛,active_equity,20250630,109.8199,0.0,0.0,0.0
鹏华,active_equity,20241231,643.0,0.0,0.0,0.0
鹏华,active_equity,20250331,702.5,0.0,0.0,0.0
鹏华,active_equity,20250630,761.672,7.0,65.0,48.0
鹏扬,active_equity,20241231,44.8627,0.0,0.0,0.0
鹏扬,active_equity,20250331,44.8627,0.0,0.0,0.0
鹏扬,active_equity,20250630,44.8627,0.0,0.0,0.0
__industry__,fixed_income,20241231,95436.0,0.0,0.0,0.0
__industry__,fixed_income,20250331,89122.0,0.0,0.0,0.0
__industry__,fixed_income,20250630,96690.0,2034.0,774.0,-1554.0
万家,fixed_income,20241231,787.2566,0.0,0.0,0.0
万家,fixed_income,20250331,787.2566,0.0,0.0,0.0
万家,fixed_income,20250630,787.2566,0.0,0.0,0.0
上海证券,fixed_income,20241231,0.7058,0.0,0.0,0.0
上海证券,fixed_income,20250331,0.7058,0.0,0.0,0.0
上海证券,fixed_income,20250630,0.7058,0.0,0.0,0.0
上银,fixed_income,20241231,1726.0812,0.0,0.0,0.0
上银,fixed_income,20250331,1725.5,0.0,0.0,0.0
上银,fixed_income,20250630,1726.0812,0.0,12.0,-11.0
东兴,fixed_income,20241231,227.8856,0.0,0.0,0.0
东兴,fixed_income,20250331,227.8856,0.0,0.0,0.0
东兴,fixed_income,20250630,227.8856,0.0,0.0,0.0
东吴,fixed_income,20241231,134.8993,0.0,0.0,0.0
东吴,fixed_income,20250331,134.8993,0.0,0.0,0.0
东吴,fixed_income,20250630,134.8993,0.0,0.0,0.0
东方,fixed_income,20241231,928.2611,0.0,0.0,0.0
东方,fixed_income,20250331,928.2611,0.0,0.0,0.0
东方,fixed_income,20250630,928.2611,0.0,0.0,0.0
东方红,fixed_income,20241231,364.597,0.0,0.0,0.0
东方红,fixed_income,20250331,364.597,0.0,0.0,0.0
东方红,fixed_income,20250630,364.597,0.0,0.0,0.0
东海,fixed_income,20241231,280.7667,0.0,0.0,0.0
东海,fixed_income,20250331,280.7667,0.0,0.0,0.0
东海,fixed_income,20250630,280.7667,0.0,0.0,0.0
东证融汇,fixed_income,20241231,142.719,0.0,0.0,0.0
东证融汇,fixed_income,20250331,142.719,0.0,0.0,0.0
东证融汇,fixed_income,20250630,142.719,0.0,0.0,0.0
中信保诚,fixed_income,20241231,693.5142,0.0,0.0,0.0
中信保诚,fixed_income,20250331,693.5142,0.0,0.0,0.0
中信保诚,fixed_income,20250630,693.5142,0.0,0.0,0.0
中信建投,fixed_income,20241231,387.6809,0.0,0.0,0.0
中信建投,fixed_income,20250331,387.6809,0.0,0.0,0.0
中信建投,fixed_income,20250630,387.6809,0.0,0.0,0.0
中信建投证券,fixed_income,20241231,3.0282,0.0,0.0,0.0
中信建投证券,fixed_income,20250331,3.0282,0.0,0.0,0.0
中信建投证券,fixed_income,20250630,3.0282,0.0,0.0,0.0
中信证券资管,fixed_income,20241231,17.3942,0.0,0.0,0.0
中信证券资管,fixed_income,20250331,17.3942,0.0,0.0,0.0
中信证券资管,fixed_income,20250630,17.3942,0.0,0.0,0.0
中加,fixed_income,20241231,1207.0,0.0,0.0,0.0
中加,fixed_income,20250331,1205.5,0.0,0.0,0.0
中加,fixed_income,20250630,1204.2756,60.0,10.0,-70.0
中欧,fixed_income,20241231,1107.5965,0.0,0.0,0.0
中欧,fixed_income,20250331,1107.5965,0.0,0.0,0.0
中欧,fixed_income,20250630,1107.5965,0.0,0.0,0.0
中泰证券资管,fixed_income,20241231,185.1866,0.0,0.0,0.0
中泰证券资管,fixed_income,20250331,185.1866,0.0,0.0,0.0
中泰证券资管,fixed_income,20250630,185.1866,0.0,0.0,0.0
中海,fixed_income,20241231,32.5198,0.0,0.0,0.0
中海,fixed_income,20250331,32.5198,0.0,0.0,0.0
中海,fixed_income,20250630,32.5198,0.0,0.0,0.0
中科沃土,fixed_income,20241231,0.1657,0.0,0.0,0.0
中科沃土,fixed_income,20250331,0.1657,0.0,0.0,0.0
中科沃土,fixed_income,20250630,0.1657,0.0,0.0,0.0
中航,fixed_income,20241231,329.3295,0.0,0.0,0.0
中航,fixed_income,20250331,329.3295,0.0,0.0,0.0
中航,fixed_income,20250630,329.3295,0.0,0.0,0.0
中邮,fixed_income,20241231,361.8072,0.0,0.0,0.0
中邮,fixed_income,20250331,361.8072,0.0,0.0,0.0
中邮,fixed_income,20250630,361.8072,0.0,0.0,0.0
中金,fixed_income,20241231,504.3194,0.0,0.0,0.0
中金,fixed_income,20250331,504.3194,0.0,0.0,0.0
中金,fixed_income,20250630,504.3194,0.0,0.0,0.0
中银,fixed_income,20241231,2649.0,0.0,0.0,0.0
中银,fixed_income,20250331,2532.5,0.0,0.0,0.0
中银,fixed_income,20250630,2416.398,0.0,13.0,-247.0
中银证券,fixed_income,20241231,1171.1738,0.0,0.0,0.0
中银证券,fixed_income,20250331,1171.1738,0.0,0.0,0.0
中银证券,fixed_income,20250630,1171.1738,0.0,0.0,0.0
九泰,fixed_income,20241231,0.1571,0.0,0.0,0.0
九泰,fixed_income,20250331,0.1571,0.0,0.0,0.0
九泰,fixed_income,20250630,0.1571,0.0,0.0,0.0
交银施罗德,fixed_income,20241231,1278.0,0.0,0.0,0.0
交银施罗德,fixed_income,20250331,1307.0,0.0,0.0,0.0
交银施罗德,fixed_income,20250630,1336.2068,0.0,8.0,62.0
京管泰富,fixed_income,20241231,141.8212,0.0,0.0,0.0
京管泰富,fixed_income,20250331,141.8212,0.0,0.0,0.0
京管泰富,fixed_income,20250630,141.8212,0.0,0.0,0.0
人保资产,fixed_income,20241231,164.0398,0.0,0.0,0.0
人保资产,fixed_income,20250331,164.0398,0.0,0.0,0.0
人保资产,fixed_income,20250630,164.0398,0.0,0.0,0.0
信达澳亚,fixed_income,20241231,283.1842,0.0,0.0,0.0
信达澳亚,fixed_income,20250331,283.1842,0.0,0.0,0.0
信达澳亚,fixed_income,20250630,283.1842,0.0,0.0,0.0
信达证券,fixed_income,20241231,3.6586,0.0,0.0,0.0
信达证券,fixed_income,20250331,3.6586,0.0,0.0,0.0
信达证券,fixed_income,20250630,3.6586,0.0,0.0,0.0
光大保德信,fixed_income,20241231,363.421,0.0,0.0,0.0
光大保德信,fixed_income,20250331,363.421,0.0,0.0,0.0
光大保德信,fixed_income,20250630,363.421,0.0,0.0,0.0
光证资管,fixed_income,20241231,15.4969,0.0,0.0,0.0
光证资管,fixed_income,20250331,15.4969,0.0,0.0,0.0
光证资管,fixed_income,20250630,15.4969,0.0,0.0,0.0
兴业,fixed_income,20241231,1940.0,0.0,0.0,0.0
兴业,fixed_income,20250331,2122.5,0.0,0.0,0.0
兴业,fixed_income,20250630,2304.5078,0.0,14.0,349.0
兴华,fixed_income,20241231,72.0952,0.0,0.0,0.0
兴华,fixed_income,20250331,72.0952,0.0,0.0,0.0
兴华,fixed_income,20250630,72.0952,0.0,0.0,0.0
兴合,fixed_income,20241231,2.6414,0.0,0.0,0.0
兴合,fixed_income,20250331,2.6414,0.0,0.0,0.0
兴合,fixed_income,20250630,2.6414,0.0,0.0,0.0
兴证全球,fixed_income,20241231,1130.0,0.0,0.0,0.0
兴证全球,fixed_income,20250331,1233.5,0.0,0.0,0.0
兴证全球,fixed_income,20250630,1337.2585,0.0,12.0,195.0
兴证资管,fixed_income,20241231,2.5416,0.0,0.0,0.0
兴证资管,fixed_income,20250331,2.5416,0.0,0.0,0.0
兴证资管,fixed_income,20250630,2.5416,0.0,0.0,0.0
兴银,fixed_income,20241231,663.6797,0.0,0.0,0.0
兴银,fixed_income,20250331,663.6797,0.0,0.0,0.0
兴银,fixed_income,20250630,663.6797,0.0,0.0,0.0
农银汇理,fixed_income,20241231,951.9662,0.0,0.0,0.0
农银汇理,fixed_income,20250331,951.9662,0.0,0.0,0.0
农银汇理,fixed_income,20250630,951.9662,0.0,0.0,0.0
凯石,fixed_income,20241231,0.0702,0.0,0.0,0.0
凯石,fixed_income,20250331,0.0702,0.0,0.0,0.0
凯石,fixed_income,20250630,0.0702,0.0,0.0,0.0
创金合信,fixed_income,20241231,1036.7743,0.0,0.0,0.0
创金合信,fixed_income,20250331,1036.7743,0.0,0.0,0.0
创金合信,fixed_income,20250630,1036.7743,0.0,0.0,0.0
前海开源,fixed_income,20241231,192.4291,0.0,0.0,0.0
前海开源,fixed_income,20250331,192.4291,0.0,0.0,0.0
前海开源,fixed_income,20250630,192.4291,0.0,0.0,0.0
北信瑞丰,fixed_income,20241231,22.8593,0.0,0.0,0.0
北信瑞丰,fixed_income,20250331,22.8593,0.0,0.0,0.0
北信瑞丰,fixed_income,20250630,22.8593,0.0,0.0,0.0
华商,fixed_income,20241231,437.7477,0.0,0.0,0.0
华商,fixed_income,20250331,437.7477,0.0,0.0,0.0
华商,fixed_income,20250630,437.7477,0.0,0.0,0.0
华夏,fixed_income,20241231,2460.0,0.0,0.0,0.0
华夏,fixed_income,20250331,2508.0,0.0,0.0,0.0
华夏,fixed_income,20250630,2556.1376,50.0,18.0,-11.0
华安,fixed_income,20241231,1523.0,0.0,0.0,0.0
华安,fixed_income,20250331,1483.5,0.0,0.0,0.0
华安,fixed_income,20250630,1443.5141,24.0,13.0,-123.0
华安资管,fixed_income,20241231,7.4987,0.0,0.0,0.0
华安资管,fixed_income,20250331,7.4987,0.0,0.0,0.0
华安资管,fixed_income,20250630,7.4987,0.0,0.0,0.0
华宝,fixed_income,20241231,294.7691,0.0,0.0,0.0
华宝,fixed_income,20250331,294.7691,0.0,0.0,0.0
华宝,fixed_income,20250630,294.7691,0.0,0.0,0.0
华宸未来,fixed_income,20241231,2.5094,0.0,0.0,0.0
华宸未来,fixed_income,20250331,2.5094,0.0,0.0,0.0
华宸未来,fixed_income,20250630,2.5094,0.0,0.0,0.0
华富,fixed_income,20241231,449.2548,0.0,0.0,0.0
华富,fixed_income,20250331,449.2548,0.0,0.0,0.0
华富,fixed_income,20250630,449.2548,0.0,0.0,0.0
华泰保兴,fixed_income,20241231,306.8789,0.0,0.0,0.0
华泰保兴,fixed_income,20250331,306.8789,0.0,0.0,0.0
华泰保兴,fixed_income,20250630,306.8789,0.0,0.0,0.0
华泰柏瑞,fixed_income,20241231,490.4875,0.0,0.0,0.0
华泰柏瑞,fixed_income,20250331,490.4875,0.0,0.0,0.0
华泰柏瑞,fixed_income,20250630,490.4875,0.0,0.0,0.0
华泰证券资管,fixed_income,20241231,190.1417,0.0,0.0,0.0
华泰证券资管,fixed_income,20250331,190.1417,0.0,0.0,0.0
华泰证券资管,fixed_income,20250630,190.1417,0.0,0.0,0.0
华润元大,fixed_income,20241231,115.9321,0.0,0.0,0.0
华润元大,fixed_income,20250331,115.9321,0.0,0.0,0.0
华润元大,fixed_income,20250630,115.9321,0.0,0.0,0.0
南华,fixed_income,20241231,197.6379,0.0,0.0,0.0
南华,fixed_income,20250331,197.6379,0.0,0.0,0.0
南华,fixed_income,20250630,197.6379,0.0,0.0,0.0
南方,fixed_income,20241231,2336.0,0.0,0.0,0.0
南方,fixed_income,20250331,2468.5,0.0,0.0,0.0
南方,fixed_income,20250630,2601.2149,30.0,20.0,226.0
博时,fixed_income,20241231,3966.0,0.0,0.0,0.0
博时,fixed_income,20250331,3824.0,0.0,0.0,0.0
博时,fixed_income,20250630,3681.9171,30.0,29.0,-336.0
博远,fixed_income,20241231,89.4329,0.0,0.0,0.0
博远,fixed_income,20250331,89.4329,0.0,0.0,0.0
博远,fixed_income,20250630,89.4329,0.0,0.0,0.0
博道,fixed_income,20241231,11.0739,0.0,0.0,0.0
博道,fixed_income,20250331,11.0739,0.0,0.0,0.0
博道,fixed_income,20250630,11.0739,0.0,0.0,0.0
合煦智远,fixed_income,20241231,2.9745,0.0,0.0,0.0
合煦智远,fixed_income,20250331,2.9745,0.0,0.0,0.0
合煦智远,fixed_income,20250630,2.9745,0.0,0.0,0.0
同泰,fixed_income,20241231,62.637,0.0,0.0,0.0
同泰,fixed_income,20250331,62.637,0.0,0.0,0.0
同泰,fixed_income,20250630,62.637,0.0,0.0,0.0
嘉合,fixed_income,20241231,326.0698,0.0,0.0,0.0
嘉合,fixed_income,20250331,326.0698,0.0,0.0,0.0
嘉合,fixed_income,20250630,326.0698,0.0,0.0,0.0
嘉实,fixed_income,20241231,2683.0,0.0,0.0,0.0
嘉实,fixed_income,20250331,2742.5,0.0,0.0,0.0
嘉实,fixed_income,20250630,2802.4455,27.0,20.0,72.0
国信资管,fixed_income,20241231,17.6954,0.0,0.0,0.0
国信资管,fixed_income,20250331,17.6954,0.0,0.0,0.0
国信资管,fixed_income,20250630,17.6954,0.0,0.0,0.0
国元证券,fixed_income,20241231,13.0259,0.0,0.0,0.0
国元证券,fixed_income,20250331,13.0259,0.0,0.0,0.0
国元证券,fixed_income,20250630,13.0259,0.0,0.0,0.0
国寿安保,fixed_income,20241231,1587.0,0.0,0.0,0.0
国寿安保,fixed_income,20250331,1609.5,0.0,0.0,0.0
国寿安保,fixed_income,20250630,1632.435,5.0,13.0,41.0
国投瑞银,fixed_income,20241231,938.8549,0.0,0.0,0.0
国投瑞银,fixed_income,20250331,938.8549,0.0,0.0,0.0
国投瑞银,fixed_income,20250630,938.8549,0.0,0.0,0.0
国新国证,fixed_income,20241231,39.6272,0.0,0.0,0.0
国新国证,fixed_income,20250331,39.6272,0.0,0.0,0.0
国新国证,fixed_income,20250630,39.6272,0.0,0.0,0.0
国泰,fixed_income,20241231,1653.0,0.0,0.0,0.0
国泰,fixed_income,20250331,1686.0,0.0,0.0,0.0
国泰,fixed_income,20250630,1719.3303,64.0,14.0,-12.0
国泰君安资管,fixed_income,20241231,295.7871,0.0,0.0,0.0
国泰君安资管,fixed_income,20250331,295.7871,0.0,0.0,0.0
国泰君安资管,fixed_income,20250630,295.7871,0.0,0.0,0.0
国海富兰克林,fixed_income,20241231,160.6437,0.0,0.0,0.0
国海富兰克林,fixed_income,20250331,160.6437,0.0,0.0,0.0
国海富兰克林,fixed_income,20250630,160.6437,0.0,0.0,0.0
国联,fixed_income,20241231,1192.0,0.0,0.0,0.0
国联,fixed_income,20250331,1182.5,0.0,0.0,0.0
国联,fixed_income,20250630,1172.6084,0.0,11.0,-55.0
国联安,fixed_income,20241231,587.8801,0.0,0.0,0.0
国联安,fixed_income,20250331,587.8801,0.0,0.0,0.0
国联安,fixed_income,20250630,587.8801,0.0,0.0,0.0
国联证券资管,fixed_income,20241231,37.7741,0.0,0.0,0.0
国联证券资管,fixed_income,20250331,37.7741,0.0,0.0,0.0
国联证券资管,fixed_income,20250630,37.7741,0.0,0.0,0.0
国融,fixed_income,20241231,11.6614,0.0,0.0,0.0
国融,fixed_income,20250331,11.6614,0.0,0.0,0.0
国融,fixed_income,20250630,11.6614,0.0,0.0,0.0
国证资管,fixed_income,20241231,4.2034,0.0,0.0,0.0
国证资管,fixed_income,20250331,4.2034,0.0,0.0,0.0
国证资管,fixed_income,20250630,4.2034,0.0,0.0,0.0
国金,fixed_income,20241231,243.5203,0.0,0.0,0.0
国金,fixed_income,20250331,243.5203,0.0,0.0,0.0
国金,fixed_income,20250630,243.5203,0.0,0.0,0.0
圆信永丰,fixed_income,20241231,141.9956,0.0,0.0,0.0
圆信永丰,fixed_income,20250331,141.9956,0.0,0.0,0.0
圆信永丰,fixed_income,20250630,141.9956,0.0,0.0,0.0
大成,fixed_income,20241231,1122.2528,0.0,0.0,0.0
大成,fixed_income,20250331,1122.2528,0.0,0.0,0.0
大成,fixed_income,20250630,1122.2528,0.0,0.0,0.0
天弘,fixed_income,20241231,1948.0,0.0,0.0,0.0
天弘,fixed_income,20250331,2046.0,0.0,0.0,0.0
天弘,fixed_income,20250630,2143.7836,93.0,16.0,84.0
天治,fixed_income,20241231,85.3839,0.0,0.0,0.0
天治,fixed_income,20250331,85.3839,0.0,0.0,0.0
天治,fixed_income,20250630,85.3839,0.0,0.0,0.0
太平,fixed_income,20241231,261.4792,0.0,0.0,0.0
太平,fixed_income,20250331,261.4792,0.0,0.0,0.0
太平,fixed_income,20250630,261.4792,0.0,0.0,0.0
安信,fixed_income,20241231,242.9523,0.0,0.0,0.0
安信,fixed_income,20250331,242.9523,0.0,0.0,0.0
安信,fixed_income,20250630,242.9523,0.0,0.0,0.0
宏利,fixed_income,20241231,377.3742,0.0,0.0,0.0
宏利,fixed_income,20250331,377.3742,0.0,0.0,0.0
宏利,fixed_income,20250630,377.3742,0.0,0.0,0.0
宝盈,fixed_income,20241231,224.0273,0.0,0.0,0.0
宝盈,fixed_income,20250331,224.0273,0.0,0.0,0.0
宝盈,fixed_income,20250630,224.0273,0.0,0.0,0.0
富国,fixed_income,20241231,2904.0,0.0,0.0,0.0
富国,fixed_income,20250331,2975.5,0.0,0.0,0.0
富国,fixed_income,20250630,3047.303,22.0,25.0,98.0
富安达,fixed_income,20241231,43.3699,0.0,0.0,0.0
富安达,fixed_income,20250331,43.3699,0.0,0.0,0.0
富安达,fixed_income,20250630,43.3699,0.0,0.0,0.0
富荣,fixed_income,20241231,95.5241,0.0,0.0,0.0
富荣,fixed_income,20250331,95.5241,0.0,0.0,0.0
富荣,fixed_income,20250630,95.5241,0.0,0.0,0.0
富达,fixed_income,20241231,29.8074,0.0,0.0,0.0
富达,fixed_income,20250331,29.8074,0.0,0.0,0.0
富达,fixed_income,20250630,29.8074,0.0,0.0,0.0
尚正,fixed_income,20241231,35.8561,0.0,0.0,0.0
尚正,fixed_income,20250331,35.8561,0.0,0.0,0.0
尚正,fixed_income,20250630,35.8561,0.0,0.0,0.0
山证资管,fixed_income,20241231,203.9549,0.0,0.0,0.0
山证资管,fixed_income,20250331,203.9549,0.0,0.0,0.0
山证资管,fixed_income,20250630,203.9549,0.0,0.0,0.0
工银瑞信,fixed_income,20241231,2085.0,0.0,0.0,0.0
工银瑞信,fixed_income,20250331,2057.5,0.0,0.0,0.0
工银瑞信,fixed_income,20250630,2029.6184,2.0,14.0,-72.0
平安,fixed_income,20241231,1720.0,0.0,0.0,0.0
平安,fixed_income,20250331,1646.5,0.0,0.0,0.0
平安,fixed_income,20250630,1573.4469,3.0,9.0,-138.0
广发,fixed_income,20241231,3651.0,0.0,0.0,0.0
广发,fixed_income,20250331,3745.5,0.0,0.0,0.0
广发,fixed_income,20250630,3840.1353,46.0,30.0,118.0
广发资管,fixed_income,20241231,0.9081,0.0,0.0,0.0
广发资管,fixed_income,20250331,0.9081,0.0,0.0,0.0
广发资管,fixed_income,20250630,0.9081,0.0,0.0,0.0
建信,fixed_income,20241231,1414.0,0.0,0.0,0.0
建信,fixed_income,20250331,1391.5,0.0,0.0,0.0
建信,fixed_income,20250630,1368.5884,122.0,8.0,-175.0
弘毅远方,fixed_income,20241231,0.6523,0.0,0.0,0.0
弘毅远方,fixed_income,20250331,0.6523,0.0,0.0,0.0
弘毅远方,fixed_income,20250630,0.6523,0.0,0.0,0.0
德邦,fixed_income,20241231,386.2622,0.0,0.0,0.0
德邦,fixed_income,20250331,386.2622,0.0,0.0,0.0
德邦,fixed_income,20250630,386.2622,0.0,0.0,0.0
德邦资管,fixed_income,20241231,2.3931,0.0,0.0,0.0
德邦资管,fixed_income,20250331,2.3931,0.0,0.0,0.0
德邦资管,fixed_income,20250630,2.3931,0.0,0.0,0.0
恒生前海,fixed_income,20241231,127.6943,0.0,0.0,0.0
恒生前海,fixed_income,20250331,127.6943,0.0,0.0,0.0
恒生前海,fixed_income,20250630,127.6943,0.0,0.0,0.0
恒越,fixed_income,20241231,3.1436,0.0,0.0,0.0
恒越,fixed_income,20250331,3.1436,0.0,0.0,0.0
恒越,fixed_income,20250630,3.1436,0.0,0.0,0.0
惠升,fixed_income,20241231,497.7314,0.0,0.0,0.0
惠升,fixed_income,20250331,497.7314,0.0,0.0,0.0
惠升,fixed_income,20250630,497.7314,0.0,0.0,0.0
招商,fixed_income,20241231,3184.0,0.0,0.0,0.0
招商,fixed_income,20250331,3078.0,0.0,0.0,0.0
招商,fixed_income,20250630,2971.6644,15.0,21.0,-247.0
招商资管,fixed_income,20241231,1.7111,0.0,0.0,0.0
招商资管,fixed_income,20250331,1.7111,0.0,0.0,0.0
招商资管,fixed_income,20250630,1.7111,0.0,0.0,0.0
摩根,fixed_income,20241231,317.7831,0.0,0.0,0.0
摩根,fixed_income,20250331,317.7831,0.0,0.0,0.0
摩根,fixed_income,20250630,317.7831,0.0,0.0,0.0
摩根士丹利,fixed_income,20241231,117.741,0.0,0.0,0.0
摩根士丹利,fixed_income,20250331,117.741,0.0,0.0,0.0
摩根士丹利,fixed_income,20250630,117.741,0.0,0.0,0.0
新华,fixed_income,20241231,224.9731,0.0,0.0,0.0
新华,fixed_income,20250331,224.9731,0.0,0.0,0.0
新华,fixed_income,20250630,224.9731,0.0,0.0,0.0
新沃,fixed_income,20241231,125.2569,0.0,0.0,0.0
新沃,fixed_income,20250331,125.2569,0.0,0.0,0.0
新沃,fixed_income,20250630,125.2569,0.0,0.0,0.0
新疆前海联合,fixed_income,20241231,142.0371,0.0,0.0,0.0
新疆前海联合,fixed_income,20250331,142.0371,0.0,0.0,0.0
新疆前海联合,fixed_income,20250630,142.0371,0.0,0.0,0.0
方正富邦,fixed_income,20241231,378.3544,0.0,0.0,0.0
方正富邦,fixed_income,20250331,378.3544,0.0,0.0,0.0
方正富邦,fixed_income,20250630,378.3544,0.0,0.0,0.0
施罗德,fixed_income,20241231,52.3882,0.0,0.0,0.0
施罗德,fixed_income,20250331,52.3882,0.0,0.0,0.0
施罗德,fixed_income,20250630,52.3882,0.0,0.0,0.0
明亚,fixed_income,20241231,1.0194,0.0,0.0,0.0
明亚,fixed_income,20250331,1.0194,0.0,0.0,0.0
明亚,fixed_income,20250630,1.0194,0.0,0.0,0.0
易方达,fixed_income,20241231,2280.0,0.0,0.0,0.0
易方达,fixed_income,20250331,2408.0,0.0,0.0,0.0
易方达,fixed_income,20250630,2535.5453,46.0,21.0,210.0
易米,fixed_income,20241231,8.2659,0.0,0.0,0.0
易米,fixed_income,20250331,8.2659,0.0,0.0,0.0
易米,fixed_income,20250630,8.2659,0.0,0.0,0.0
景顺长城,fixed_income,20241231,1555.0,0.0,0.0,0.0
景顺长城,fixed_income,20250331,1642.0,0.0,0.0,0.0
景顺长城,fixed_income,20250630,1729.4786,0.0,15.0,130.0
格林,fixed_income,20241231,243.4737,0.0,0.0,0.0
格林,fixed_income,20250331,243.4737,0.0,0.0,0.0
格林,fixed_income,20250630,243.4737,0.0,0.0,0.0
民生加银,fixed_income,20241231,1046.0,0.0,0.0,0.0
民生加银,fixed_income,20250331,1124.0,0.0,0.0,0.0
民生加银,fixed_income,20250630,1202.2051,72.0,8.0,77.0
永赢,fixed_income,20241231,3074.0,0.0,0.0,0.0
永赢,fixed_income,20250331,2884.5,0.0,0.0,0.0
永赢,fixed_income,20250630,2694.7301,0.0,18.0,-401.0
汇丰晋信,fixed_income,20241231,106.7141,0.0,0.0,0.0
汇丰晋信,fixed_income,20250331,106.7141,0.0,0.0,0.0
汇丰晋信,fixed_income,20250630,106.7141,0.0,0.0,0.0
汇安,fixed_income,20241231,428.7127,0.0,0.0,0.0
汇安,fixed_income,20250331,428.7127,0.0,0.0,0.0
汇安,fixed_income,20250630,428.7127,0.0,0.0,0.0
汇泉,fixed_income,20241231,9.5263,0.0,0.0,0.0
汇泉,fixed_income,20250331,9.5263,0.0,0.0,0.0
汇泉,fixed_income,20250630,9.5263,0.0,0.0,0.0
汇添富,fixed_income,20241231,1914.0,0.0,0.0,0.0
汇添富,fixed_income,20250331,2076.0,0.0,0.0,0.0
汇添富,fixed_income,20250630,2237.8899,0.0,16.0,308.0
江信,fixed_income,20241231,11.3921,0.0,0.0,0.0
江信,fixed_income,20250331,11.3921,0.0,0.0,0.0
江信,fixed_income,20250630,11.3921,0.0,0.0,0.0
泉果,fixed_income,20241231,16.3044,0.0,0.0,0.0
泉果,fixed_income,20250331,16.3044,0.0,0.0,0.0
泉果,fixed_income,20250630,16.3044,0.0,0.0,0.0
泓德,fixed_income,20241231,86.9377,0.0,0.0,0.0
泓德,fixed_income,20250331,86.9377,0.0,0.0,0.0
泓德,fixed_income,20250630,86.9377,0.0,0.0,0.0
泰信,fixed_income,20241231,81.8889,0.0,0.0,0.0
泰信,fixed_income,20250331,81.8889,0.0,0.0,0.0
泰信,fixed_income,20250630,81.8889,0.0,0.0,0.0
泰康,fixed_income,20241231,504.9303,0.0,0.0,0.0
泰康,fixed_income,20250331,504.9303,0.0,0.0,0.0
泰康,fixed_income,20250630,504.9303,0.0,0.0,0.0
浙商,fixed_income,20241231,201.533,0.0,0.0,0.0
浙商,fixed_income,20250331,201.533,0.0,0.0,0.0
浙商,fixed_income,20250630,201.533,0.0,0.0,0.0
浙商资管,fixed_income,20241231,268.9313,0.0,0.0,0.0
浙商资管,fixed_income,20250331,268.9313,0.0,0.0,0.0
浙商资管,fixed_income,20250630,268.9313,0.0,0.0,0.0
浦银安盛,fixed_income,20241231,1615.0,0.0,0.0,0.0
浦银安盛,fixed_income,20250331,1573.5,0.0,0.0,0.0
浦银安盛,fixed_income,20250630,1531.6779,60.0,11.0,-153.0
海富通,fixed_income,20241231,913.0,0.0,0.0,0.0
海富通,fixed_income,20250331,1119.0,0.0,0.0,0.0
海富通,fixed_income,20250630,1325.1617,34.0,9.0,370.0
海通资管,fixed_income,20241231,4.8973,0.0,0.0,0.0
海通资管,fixed_income,20250331,4.8973,0.0,0.0,0.0
海通资管,fixed_income,20250630,4.8973,0.0,0.0,0.0
淳厚,fixed_income,20241231,190.5616,0.0,0.0,0.0
淳厚,fixed_income,20250331,190.5616,0.0,0.0,0.0
淳厚,fixed_income,20250630,190.5616,0.0,0.0,0.0
渤海汇金资管,fixed_income,20241231,196.3487,0.0,0.0,0.0
渤海汇金资管,fixed_income,20250331,196.3487,0.0,0.0,0.0
渤海汇金资管,fixed_income,20250630,196.3487,0.0,0.0,0.0
湘财,fixed_income,20241231,56.3012,0.0,0.0,0.0
湘财,fixed_income,20250331,56.3012,0.0,0.0,0.0
湘财,fixed_income,20250630,56.3012,0.0,0.0,0.0
申万宏源资管,fixed_income,20241231,6.3679,0.0,0.0,0.0
申万宏源资管,fixed_income,20250331,6.3679,0.0,0.0,0.0
申万宏源资管,fixed_income,20250630,6.3679,0.0,0.0,0.0
申万菱信,fixed_income,20241231,482.7392,0.0,0.0,0.0
申万菱信,fixed_income,20250331,482.7392,0.0,0.0,0.0
申万菱信,fixed_income,20250630,482.7392,0.0,0.0,0.0
百嘉,fixed_income,20241231,72.7392,0.0,0.0,0.0
百嘉,fixed_income,20250331,72.7392,0.0,0.0,0.0
百嘉,fixed_income,20250630,72.7392,0.0,0.0,0.0
红土创新,fixed_income,20241231,20.8052,0.0,0.0,0.0
红土创新,fixed_income,20250331,20.8052,0.0,0.0,0.0
红土创新,fixed_income,20250630,20.8052,0.0,0.0,0.0
红塔红土,fixed_income,20241231,43.3495,0.0,0.0,0.0
红塔红土,fixed_income,20250331,43.3495,0.0,0.0,0.0
红塔红土,fixed_income,20250630,43.3495,0.0,0.0,0.0
苏新,fixed_income,20241231,136.1472,0.0,0.0,0.0
苏新,fixed_income,20250331,136.1472,0.0,0.0,0.0
苏新,fixed_income,20250630,136.1472,0.0,0.0,0.0
英大,fixed_income,20241231,437.8696,0.0,0.0,0.0
英大,fixed_income,20250331,437.8696,0.0,0.0,0.0
英大,fixed_income,20250630,437.8696,0.0,0.0,0.0
蜂巢,fixed_income,20241231,449.4158,0.0,0.0,0.0
蜂巢,fixed_income,20250331,449.4158,0.0,0.0,0.0
蜂巢,fixed_income,20250630,449.4158,0.0,0.0,0.0
融通,fixed_income,20241231,409.5487,0.0,0.0,0.0
融通,fixed_income,20250331,409.5487,0.0,0.0,0.0
融通,fixed_income,20250630,409.5487,0.0,0.0,0.0
西藏东财,fixed_income,20241231,242.2456,0.0,0.0,0.0
西藏东财,fixed_income,20250331,242.2456,0.0,0.0,0.0
西藏东财,fixed_income,20250630,242.2456,0.0,0.0,0.0
西部利得,fixed_income,20241231,595.1971,0.0,0.0,0.0
西部利得,fixed_income,20250331,595.1971,0.0,0.0,0.0
西部利得,fixed_income,20250630,595.1971,0.0,0.0,0.0
诺安,fixed_income,20241231,117.9718,0.0,0.0,0.0
诺安,fixed_income,20250331,117.9718,0.0,0.0,0.0
诺安,fixed_income,20250630,117.9718,0.0,0.0,0.0
诺德,fixed_income,20241231,209.749,0.0,0.0,0.0
诺德,fixed_income,20250331,209.749,0.0,0.0,0.0
诺德,fixed_income,20250630,209.749,0.0,0.0,0.0
贝莱德,fixed_income,20241231,25.0178,0.0,0.0,0.0
贝莱德,fixed_income,20250331,25.0178,0.0,0.0,0.0
贝莱德,fixed_income,20250630,25.0178,0.0,0.0,0.0
财信证券,fixed_income,20241231,2.1622,0.0,0.0,0.0
财信证券,fixed_income,20250331,2.1622,0.0,0.0,0.0
财信证券,fixed_income,20250630,2.1622,0.0,0.0,0.0
财达证券,fixed_income,20241231,10.1861,0.0,0.0,0.0
财达证券,fixed_income,20250331,10.1861,0.0,0.0,0.0
财达证券,fixed_income,20250630,10.1861,0.0,0.0,0.0
财通,fixed_income,20241231,504.5516,0.0,0.0,0.0
财通,fixed_income,20250331,504.5516,0.0,0.0,0.0
财通,fixed_income,20250630,504.5516,0.0,0.0,0.0
财通证券资管,fixed_income,20241231,862.0925,0.0,0.0,0.0
财通证券资管,fixed_income,20250331,862.0925,0.0,0.0,0.0
财通证券资管,fixed_income,20250630,862.0925,0.0,0.0,0.0
路博迈,fixed_income,20241231,106.0056,0.0,0.0,0.0
路博迈,fixed_income,20250331,106.0056,0.0,0.0,0.0
路博迈,fixed_income,20250630,106.0056,0.0,0.0,0.0
达诚,fixed_income,20241231,10.4772,0.0,0.0,0.0
达诚,fixed_income,20250331,10.4772,0.0,0.0,0.0
达诚,fixed_income,20250630,10.4772,0.0,0.0,0.0
金信,fixed_income,20241231,45.6934,0.0,0.0,0.0
金信,fixed_income,20250331,45.6934,0.0,0.0,0.0
金信,fixed_income,20250630,45.6934,0.0,0.0,0.0
金元顺安,fixed_income,20241231,143.3416,0.0,0.0,0.0
金元顺安,fixed_income,20250331,143.3416,0.0,0.0,0.0
金元顺安,fixed_income,20250630,143.3416,0.0,0.0,0.0
金鹰,fixed_income,20241231,197.8682,0.0,0.0,0.0
金鹰,fixed_income,20250331,197.8682,0.0,0.0,0.0
金鹰,fixed_income,20250630,197.8682,0.0,0.0,0.0
鑫元,fixed_income,20241231,1350.0,0.0,0.0,0.0
鑫元,fixed_income,20250331,1347.0,0.0,0.0,0.0
鑫元,fixed_income,20250630,1344.2866,14.0,8.0,-28.0
银华,fixed_income,20241231,1187.0,0.0,0.0,0.0
银华,fixed_income,20250331,1154.5,0.0,0.0,0.0
银华,fixed_income,20250630,1122.4932,7.0,9.0,-80.0
银河,fixed_income,20241231,442.4,0.0,0.0,0.0
银河,fixed_income,20250331,442.4,0.0,0.0,0.0
银河,fixed_income,20250630,442.4,0.0,0.0,0.0
银河金汇,fixed_income,20241231,8.4848,0.0,0.0,0.0
银河金汇,fixed_income,20250331,8.4848,0.0,0.0,0.0
银河金汇,fixed_income,20250630,8.4848,0.0,0.0,0.0
长信,fixed_income,20241231,596.1077,0.0,0.0,0.0
长信,fixed_income,20250331,596.1077,0.0,0.0,0.0
长信,fixed_income,20250630,596.1077,0.0,0.0,0.0
长城,fixed_income,20241231,1092.1767,0.0,0.0,0.0
长城,fixed_income,20250331,1092.1767,0.0,0.0,0.0
长城,fixed_income,20250630,1092.1767,0.0,0.0,0.0
长安,fixed_income,20241231,41.2857,0.0,0.0,0.0
长安,fixed_income,20250331,41.2857,0.0,0.0,0.0
长安,fixed_income,20250630,41.2857,0.0,0.0,0.0
长江资管,fixed_income,20241231,130.9143,0.0,0.0,0.0
长江资管,fixed_income,20250331,130.9143,0.0,0.0,0.0
长江资管,fixed_income,20250630,130.9143,0.0,0.0,0.0
长盛,fixed_income,20241231,413.6559,0.0,0.0,0.0
长盛,fixed_income,20250331,413.6559,0.0,0.0,0.0
长盛,fixed_income,20250630,413.6559,0.0,0.0,0.0
鹏华,fixed_income,20241231,2629.0,0.0,0.0,0.0
鹏华,fixed_income,20250331,2656.0,0.0,0.0,0.0
鹏华,fixed_income,20250630,2683.4811,45.0,24.0,-18.0
鹏扬,fixed_income,20241231,943.0497,0.0,0.0,0.0
鹏扬,fixed_income,20250331,943.0497,0.0,0.0,0.0
鹏扬,fixed_income,20250630,943.0497,0.0,0.0,0.0
__industry__,fixed_income_plus,20241231,14182.0,0.0,0.0,0.0
__industry__,fixed_income_plus,20250331,15618.0,0.0,0.0,0.0
__industry__,fixed_income_plus,20250630,16628.0,464.0,322.0,1660.0
万家,fixed_income_plus,20241231,52.8963,0.0,0.0,0.0
万家,fixed_income_plus,20250331,52.8963,0.0,0.0,0.0
万家,fixed_income_plus,20250630,52.8963,0.0,0.0,0.0
上银,fixed_income_plus,20241231,8.5553,0.0,0.0,0.0
上银,fixed_income_plus,20250331,8.5553,0.0,0.0,0.0
上银,fixed_income_plus,20250630,8.5553,0.0,0.0,0.0
东兴,fixed_income_plus,20241231,8.7128,0.0,0.0,0.0
东兴,fixed_income_plus,20250331,8.7128,0.0,0.0,0.0
东兴,fixed_income_plus,20250630,8.7128,0.0,0.0,0.0
东吴,fixed_income_plus,20241231,0.2546,0.0,0.0,0.0
东吴,fixed_income_plus,20250331,0.2546,0.0,0.0,0.0
东吴,fixed_income_plus,20250630,0.2546,0.0,0.0,0.0
东方,fixed_income_plus,20241231,8.1138,0.0,0.0,0.0
东方,fixed_income_plus,20250331,8.1138,0.0,0.0,0.0
东方,fixed_income_plus,20250630,8.1138,0.0,0.0,0.0
东方红,fixed_income_plus,20241231,226.0,0.0,0.0,0.0
东方红,fixed_income_plus,20250331,250.0,0.0,0.0,0.0
东方红,fixed_income_plus,20250630,274.325,26.0,5.0,17.0
东海,fixed_income_plus,20241231,2.7452,0.0,0.0,0.0
东海,fixed_income_plus,20250331,2.7452,0.0,0.0,0.0
东海,fixed_income_plus,20250630,2.7452,0.0,0.0,0.0
东海证券,fixed_income_plus,20241231,0.1612,0.0,0.0,0.0
东海证券,fixed_income_plus,20250331,0.1612,0.0,0.0,0.0
东海证券,fixed_income_plus,20250630,0.1612,0.0,0.0,0.0
中信保诚,fixed_income_plus,20241231,119.8721,0.0,0.0,0.0
中信保诚,fixed_income_plus,20250331,119.8721,0.0,0.0,0.0
中信保诚,fixed_income_plus,20250630,119.8721,0.0,0.0,0.0
中信建投,fixed_income_plus,20241231,2.357,0.0,0.0,0.0
中信建投,fixed_income_plus,20250331,2.357,0.0,0.0,0.0
中信建投,fixed_income_plus,20250630,2.357,0.0,0.0,0.0
中信建投证券,fixed_income_plus,20241231,2.6585,0.0,0.0,0.0
中信建投证券,fixed_income_plus,20250331,2.6585,0.0,0.0,0.0
中信建投证券,fixed_income_plus,20250630,2.6585,0.0,0.0,0.0
中信证券资管,fixed_income_plus,20241231,16.2786,0.0,0.0,0.0
中信证券资管,fixed_income_plus,20250331,16.2786,0.0,0.0,0.0
中信证券资管,fixed_income_plus,20250630,16.2786,0.0,0.0,0.0
中加,fixed_income_plus,20241231,11.1193,0.0,0.0,0.0
中加,fixed_income_plus,20250331,11.1193,0.0,0.0,0.0
中加,fixed_income_plus,20250630,11.1193,0.0,0.0,0.0
中欧,fixed_income_plus,20241231,307.0,0.0,0.0,0.0
中欧,fixed_income_plus,20250331,433.0,0.0,0.0,0.0
中欧,fixed_income_plus,20250630,558.6333,49.0,10.0,192.0
中泰证券资管,fixed_income_plus,20241231,12.9312,0.0,0.0,0.0
中泰证券资管,fixed_income_plus,20250331,12.9312,0.0,0.0,0.0
中泰证券资管,fixed_income_plus,20250630,12.9312,0.0,0.0,0.0
中海,fixed_income_plus,20241231,9.9453,0.0,0.0,0.0
中海,fixed_income_plus,20250331,9.9453,0.0,0.0,0.0
中海,fixed_income_plus,20250630,9.9453,0.0,0.0,0.0
中科沃土,fixed_income_plus,20241231,0.0248,0.0,0.0,0.0
中科沃土,fixed_income_plus,20250331,0.0248,0.0,0.0,0.0
中科沃土,fixed_income_plus,20250630,0.0248,0.0,0.0,0.0
中邮,fixed_income_plus,20241231,127.0,0.0,0.0,0.0
中邮,fixed_income_plus,20250331,169.0,0.0,0.0,0.0
中邮,fixed_income_plus,20250630,210.6524,0.0,3.0,80.0
中金,fixed_income_plus,20241231,27.2109,0.0,0.0,0.0
中金,fixed_income_plus,20250331,27.2109,0.0,0.0,0.0
中金,fixed_income_plus,20250630,27.2109,0.0,0.0,0.0
中金公司,fixed_income_plus,20241231,2.1679,0.0,0.0,0.0
中金公司,fixed_income_plus,20250331,2.1679,0.0,0.0,0.0
中金公司,fixed_income_plus,20250630,2.1679,0.0,0.0,0.0
中银,fixed_income_plus,20241231,300.0,0.0,0.0,0.0
中银,fixed_income_plus,20250331,388.5,0.0,0.0,0.0
中银,fixed_income_plus,20250630,477.1699,53.0,6.0,118.0
中银证券,fixed_income_plus,20241231,9.1117,0.0,0.0,0.0
中银证券,fixed_income_plus,20250331,9.1117,0.0,0.0,0.0
中银证券,fixed_income_plus,20250630,9.1117,0.0,0.0,0.0
九泰,fixed_income_plus,20241231,0.1777,0.0,0.0,0.0
九泰,fixed_income_plus,20250331,0.1777,0.0,0.0,0.0
九泰,fixed_income_plus,20250630,0.1777,0.0,0.0,0.0
交银施罗德,fixed_income_plus,20241231,132.9172,0.0,0.0,0.0
交银施罗德,fixed_income_plus,20250331,132.9172,0.0,0.0,0.0
交银施罗德,fixed_income_plus,20250630,132.9172,0.0,0.0,0.0
人保资产,fixed_income_plus,20241231,5.3672,0.0,0.0,0.0
人保资产,fixed_income_plus,20250331,5.3672,0.0,0.0,0.0
人保资产,fixed_income_plus,20250630,5.3672,0.0,0.0,0.0
信达澳亚,fixed_income_plus,20241231,46.2065,0.0,0.0,0.0
信达澳亚,fixed_income_plus,20250331,46.2065,0.0,0.0,0.0
信达澳亚,fixed_income_plus,20250630,46.2065,0.0,0.0,0.0
信达证券,fixed_income_plus,20241231,2.2663,0.0,0.0,0.0
信达证券,fixed_income_plus,20250331,2.2663,0.0,0.0,0.0
信达证券,fixed_income_plus,20250630,2.2663,0.0,0.0,0.0
先锋,fixed_income_plus,20241231,26.2556,0.0,0.0,0.0
先锋,fixed_income_plus,20250331,26.2556,0.0,0.0,0.0
先锋,fixed_income_plus,20250630,26.2556,0.0,0.0,0.0
光大保德信,fixed_income_plus,20241231,150.0522,0.0,0.0,0.0
光大保德信,fixed_income_plus,20250331,150.0522,0.0,0.0,0.0
光大保德信,fixed_income_plus,20250630,150.0522,0.0,0.0,0.0
光证资管,fixed_income_plus,20241231,15.7165,0.0,0.0,0.0
光证资管,fixed_income_plus,20250331,15.7165,0.0,0.0,0.0
光证资管,fixed_income_plus,20250630,15.7165,0.0,0.0,0.0
兴业,fixed_income_plus,20241231,167.0,0.0,0.0,0.0
兴业,fixed_income_plus,20250331,238.0,0.0,0.0,0.0
兴业,fixed_income_plus,20250630,308.9008,0.0,4.0,139.0
兴华,fixed_income_plus,20241231,0.6514,0.0,0.0,0.0
兴华,fixed_income_plus,20250331,0.6514,0.0,0.0,0.0
兴华,fixed_income_plus,20250630,0.6514,0.0,0.0,0.0
兴合,fixed_income_plus,20241231,0.522,0.0,0.0,0.0
兴合,fixed_income_plus,20250331,0.522,0.0,0.0,0.0
兴合,fixed_income_plus,20250630,0.522,0.0,0.0,0.0
兴证全球,fixed_income_plus,20241231,144.4868,0.0,0.0,0.0
兴证全球,fixed_income_plus,20250331,144.4868,0.0,0.0,0.0
兴证全球,fixed_income_plus,20250630,144.4868,0.0,0.0,0.0
兴证资管,fixed_income_plus,20241231,0.8555,0.0,0.0,0.0
兴证资管,fixed_income_plus,20250331,0.8555,0.0,0.0,0.0
兴证资管,fixed_income_plus,20250630,0.8555,0.0,0.0,0.0
兴银,fixed_income_plus,20241231,8.449,0.0,0.0,0.0
兴银,fixed_income_plus,20250331,8.449,0.0,0.0,0.0
兴银,fixed_income_plus,20250630,8.449,0.0,0.0,0.0
农银汇理,fixed_income_plus,20241231,20.9904,0.0,0.0,0.0
农银汇理,fixed_income_plus,20250331,20.9904,0.0,0.0,0.0
农银汇理,fixed_income_plus,20250630,20.9904,0.0,0.0,0.0
创金合信,fixed_income_plus,20241231,32.5785,0.0,0.0,0.0
创金合信,fixed_income_plus,20250331,32.5785,0.0,0.0,0.0
创金合信,fixed_income_plus,20250630,32.5785,0.0,0.0,0.0
前海开源,fixed_income_plus,20241231,60.1618,0.0,0.0,0.0
前海开源,fixed_income_plus,20250331,60.1618,0.0,0.0,0.0
前海开源,fixed_income_plus,20250630,60.1618,0.0,0.0,0.0
北信瑞丰,fixed_income_plus,20241231,0.1392,0.0,0.0,0.0
北信瑞丰,fixed_income_plus,20250331,0.1392,0.0,0.0,0.0
北信瑞丰,fixed_income_plus,20250630,0.1392,0.0,0.0,0.0
华商,fixed_income_plus,20241231,145.0,0.0,0.0,0.0
华商,fixed_income_plus,20250331,160.5,0.0,0.0,0.0
华商,fixed_income_plus,20250630,175.6899,0.0,10.0,21.0
华夏,fixed_income_plus,20241231,578.0,0.0,0.0,0.0
华夏,fixed_income_plus,20250331,596.5,0.0,0.0,0.0
华夏,fixed_income_plus,20250630,615.3434,0.0,10.0,66.0
华安,fixed_income_plus,20241231,228.0,0.0,0.0,0.0
华安,fixed_income_plus,20250331,234.0,0.0,0.0,0.0
华安,fixed_income_plus,20250630,240.13,5.0,9.0,4.0
华安资管,fixed_income_plus,20241231,18.9108,0.0,0.0,0.0
华安资管,fixed_income_plus,20250331,18.9108,0.0,0.0,0.0
华安资管,fixed_income_plus,20250630,18.9108,0.0,0.0,0.0
华宝,fixed_income_plus,20241231,84.7164,0.0,0.0,0.0
华宝,fixed_income_plus,20250331,84.7164,0.0,0.0,0.0
华宝,fixed_income_plus,20250630,84.7164,0.0,0.0,0.0
华富,fixed_income_plus,20241231,53.6362,0.0,0.0,0.0
华富,fixed_income_plus,20250331,53.6362,0.0,0.0,0.0
华富,fixed_income_plus,20250630,53.6362,0.0,0.0,0.0
华泰保兴,fixed_income_plus,20241231,186.0,0.0,0.0,0.0
华泰保兴,fixed_income_plus,20250331,228.0,0.0,0.0,0.0
华泰保兴,fixed_income_plus,20250630,270.0533,0.0,7.0,78.0
华泰柏瑞,fixed_income_plus,20241231,226.0,0.0,0.0,0.0
华泰柏瑞,fixed_income_plus,20250331,206.5,0.0,0.0,0.0
华泰柏瑞,fixed_income_plus,20250630,186.68,21.0,3.0,-63.0
华泰证券资管,fixed_income_plus,20241231,9.7049,0.0,0.0,0.0
华泰证券资管,fixed_income_plus,20250331,9.7049,0.0,0.0,0.0
华泰证券资管,fixed_income_plus,20250630,9.7049,0.0,0.0,0.0
华润元大,fixed_income_plus,20241231,1.4054,0.0,0.0,0.0
华润元大,fixed_income_plus,20250331,1.4054,0.0,0.0,0.0
华润元大,fixed_income_plus,20250630,1.4054,0.0,0.0,0.0
南华,fixed_income_plus,20241231,10.8322,0.0,0.0,0.0
南华,fixed_income_plus,20250331,10.8322,0.0,0.0,0.0
南华,fixed_income_plus,20250630,10.8322,0.0,0.0,0.0
南方,fixed_income_plus,20241231,395.0,0.0,0.0,0.0
南方,fixed_income_plus,20250331,406.5,0.0,0.0,0.0
南方,fixed_income_plus,20250630,418.0899,56.0,8.0,-40.0
博时,fixed_income_plus,20241231,630.0,0.0,0.0,0.0
博时,fixed_income_plus,20250331,631.5,0.0,0.0,0.0
博时,fixed_income_plus,20250630,633.0785,0.0,37.0,-36.0
博远,fixed_income_plus,20241231,0.5305,0.0,0.0,0.0
博远,fixed_income_plus,20250331,0.5305,0.0,0.0,0.0
博远,fixed_income_plus,20250630,0.5305,0.0,0.0,0.0
博道,fixed_income_plus,20241231,2.5748,0.0,0.0,0.0
博道,fixed_income_plus,20250331,2.5748,0.0,0.0,0.0
博道,fixed_income_plus,20250630,2.5748,0.0,0.0,0.0
同泰,fixed_income_plus,20241231,0.8511,0.0,0.0,0.0
同泰,fixed_income_plus,20250331,0.8511,0.0,0.0,0.0
同泰,fixed_income_plus,20250630,0.8511,0.0,0.0,0.0
嘉合,fixed_income_plus,20241231,17.5061,0.0,0.0,0.0
嘉合,fixed_income_plus,20250331,17.5061,0.0,0.0,0.0
嘉合,fixed_income_plus,20250630,17.5061,0.0,0.0,0.0
嘉实,fixed_income_plus,20241231,359.0,0.0,0.0,0.0
嘉实,fixed_income_plus,20250331,335.5,0.0,0.0,0.0
嘉实,fixed_income_plus,20250630,312.1708,0.0,4.0,-51.0
国信资管,fixed_income_plus,20241231,2.51,0.0,0.0,0.0
国信资管,fixed_income_plus,20250331,2.51,0.0,0.0,0.0
国信资管,fixed_income_plus,20250630,2.51,0.0,0.0,0.0
国寿安保,fixed_income_plus,20241231,194.0,0.0,0.0,0.0
国寿安保,fixed_income_plus,20250331,207.0,0.0,0.0,0.0
国寿安保,fixed_income_plus,20250630,219.5679,3.0,2.0,8.0
国投瑞银,fixed_income_plus,20241231,129.8695,0.0,0.0,0.0
国投瑞银,fixed_income_plus,20250331,129.8695,0.0,0.0,0.0
国投瑞银,fixed_income_plus,20250630,129.8695,0.0,0.0,0.0
国新国证,fixed_income_plus,20241231,52.1451,0.0,0.0,0.0
国新国证,fixed_income_plus,20250331,52.1451,0.0,0.0,0.0
国新国证,fixed_income_plus,20250630,52.1451,0.0,0.0,0.0
国泰,fixed_income_plus,20241231,129.0,0.0,0.0,0.0
国泰,fixed_income_plus,20250331,174.5,0.0,0.0,0.0
国泰,fixed_income_plus,20250630,219.8382,13.0,5.0,75.0
国泰君安资管,fixed_income_plus,20241231,3.3177,0.0,0.0,0.0
国泰君安资管,fixed_income_plus,20250331,3.3177,0.0,0.0,0.0
国泰君安资管,fixed_income_plus,20250630,3.3177,0.0,0.0,0.0
国海富兰克林,fixed_income_plus,20241231,85.1076,0.0,0.0,0.0
国海富兰克林,fixed_income_plus,20250331,85.1076,0.0,0.0,0.0
国海富兰克林,fixed_income_plus,20250630,85.1076,0.0,0.0,0.0
国联,fixed_income_plus,20241231,40.6242,0.0,0.0,0.0
国联,fixed_income_plus,20250331,40.6242,0.0,0.0,0.0
国联,fixed_income_plus,20250630,40.6242,0.0,0.0,0.0
国联安,fixed_income_plus,20241231,24.9723,0.0,0.0,0.0
国联安,fixed_income_plus,20250331,24.9723,0.0,0.0,0.0
国联安,fixed_income_plus,20250630,24.9723,0.0,0.0,0.0
国联证券资管,fixed_income_plus,20241231,1.0375,0.0,0.0,0.0
国联证券资管,fixed_income_plus,20250331,1.0375,0.0,0.0,0.0
国联证券资管,fixed_income_plus,20250630,1.0375,0.0,0.0,0.0
国融,fixed_income_plus,20241231,3.8976,0.0,0.0,0.0
国融,fixed_income_plus,20250331,3.8976,0.0,0.0,0.0
国融,fixed_income_plus,20250630,3.8976,0.0,0.0,0.0
国证资管,fixed_income_plus,20241231,2.3819,0.0,0.0,0.0
国证资管,fixed_income_plus,20250331,2.3819,0.0,0.0,0.0
国证资管,fixed_income_plus,20250630,2.3819,0.0,0.0,0.0
国金,fixed_income_plus,20241231,5.777,0.0,0.0,0.0
国金,fixed_income_plus,20250331,5.777,0.0,0.0,0.0
国金,fixed_income_plus,20250630,5.777,0.0,0.0,0.0
圆信永丰,fixed_income_plus,20241231,6.8446,0.0,0.0,0.0
圆信永丰,fixed_income_plus,20250331,6.8446,0.0,0.0,0.0
圆信永丰,fixed_income_plus,20250630,6.8446,0.0,0.0,0.0
大成,fixed_income_plus,20241231,59.0,0.0,0.0,0.0
大成,fixed_income_plus,20250331,119.0,0.0,0.0,0.0
大成,fixed_income_plus,20250630,179.4726,8.0,1.0,93.0
天弘,fixed_income_plus,20241231,446.0,0.0,0.0,0.0
天弘,fixed_income_plus,20250331,430.5,0.0,0.0,0.0
天弘,fixed_income_plus,20250630,415.2484,0.0,8.0,-36.0
天治,fixed_income_plus,20241231,1.1523,0.0,0.0,0.0
天治,fixed_income_plus,20250331,1.1523,0.0,0.0,0.0
天治,fixed_income_plus,20250630,1.1523,0.0,0.0,0.0
太平,fixed_income_plus,20241231,208.0,0.0,0.0,0.0
太平,fixed_income_plus,20250331,204.5,0.0,0.0,0.0
太平,fixed_income_plus,20250630,201.1946,0.0,3.0,-10.0
安信,fixed_income_plus,20241231,427.0,0.0,0.0,0.0
安信,fixed_income_plus,20250331,416.0,0.0,0.0,0.0
安信,fixed_income_plus,20250630,405.2928,0.0,4.0,-32.0
安联,fixed_income_plus,20241231,5.5892,0.0,0.0,0.0
安联,fixed_income_plus,20250331,5.5892,0.0,0.0,0.0
安联,fixed_income_plus,20250630,5.5892,0.0,0.0,0.0
宏利,fixed_income_plus,20241231,41.938,0.0,0.0,0.0
宏利,fixed_income_plus,20250331,41.938,0.0,0.0,0.0
宏利,fixed_income_plus,20250630,41.938,0.0,0.0,0.0
宝盈,fixed_income_plus,20241231,24.8196,0.0,0.0,0.0
宝盈,fixed_income_plus,20250331,24.8196,0.0,0.0,0.0
宝盈,fixed_income_plus,20250630,24.8196,0.0,0.0,0.0
富国,fixed_income_plus,20241231,613.0,0.0,0.0,0.0
富国,fixed_income_plus,20250331,695.5,0.0,0.0,0.0
富国,fixed_income_plus,20250630,777.8103,0.0,13.0,152.0
富安达,fixed_income_plus,20241231,9.5846,0.0,0.0,0.0
富安达,fixed_income_plus,20250331,9.5846,0.0,0.0,0.0
富安达,fixed_income_plus,20250630,9.5846,0.0,0.0,0.0
富荣,fixed_income_plus,20241231,1.0827,0.0,0.0,0.0
富荣,fixed_income_plus,20250331,1.0827,0.0,0.0,0.0
富荣,fixed_income_plus,20250630,1.0827,0.0,0.0,0.0
尚正,fixed_income_plus,20241231,27.9363,0.0,0.0,0.0
尚正,fixed_income_plus,20250331,27.9363,0.0,0.0,0.0
尚正,fixed_income_plus,20250630,27.9363,0.0,0.0,0.0
山证资管,fixed_income_plus,20241231,0.4224,0.0,0.0,0.0
山证资管,fixed_income_plus,20250331,0.4224,0.0,0.0,0.0
山证资管,fixed_income_plus,20250630,0.4224,0.0,0.0,0.0
工银瑞信,fixed_income_plus,20241231,305.0,0.0,0.0,0.0
工银瑞信,fixed_income_plus,20250331,323.5,0.0,0.0,0.0
工银瑞信,fixed_income_plus,20250630,342.1477,0.0,5.0,32.0
平安,fixed_income_plus,20241231,151.0,0.0,0.0,0.0
平安,fixed_income_plus,20250331,223.0,0.0,0.0,0.0
平安,fixed_income_plus,20250630,295.281,22.0,3.0,99.0
广发,fixed_income_plus,20241231,517.0,0.0,0.0,0.0
广发,fixed_income_plus,20250331,572.0,0.0,0.0,0.0
广发,fixed_income_plus,20250630,627.3865,0.0,12.0,95.0
广发资管,fixed_income_plus,20241231,5.8521,0.0,0.0,0.0
广发资管,fixed_income_plus,20250331,5.8521,0.0,0.0,0.0
广发资管,fixed_income_plus,20250630,5.8521,0.0,0.0,0.0
建信,fixed_income_plus,20241231,74.8302,0.0,0.0,0.0
建信,fixed_income_plus,20250331,74.8302,0.0,0.0,0.0
建信,fixed_income_plus,20250630,74.8302,0.0,0.0,0.0
弘毅远方,fixed_income_plus,20241231,0.4314,0.0,0.0,0.0
弘毅远方,fixed_income_plus,20250331,0.4314,0.0,0.0,0.0
弘毅远方,fixed_income_plus,20250630,0.4314,0.0,0.0,0.0
德邦,fixed_income_plus,20241231,1.2034,0.0,0.0,0.0
德邦,fixed_income_plus,20250331,1.2034,0.0,0.0,0.0
德邦,fixed_income_plus,20250630,1.2034,0.0,0.0,0.0
恒生前海,fixed_income_plus,20241231,31.9322,0.0,0.0,0.0
恒生前海,fixed_income_plus,20250331,31.9322,0.0,0.0,0.0
恒生前海,fixed_income_plus,20250630,31.9322,0.0,0.0,0.0
恒越,fixed_income_plus,20241231,2.6163,0.0,0.0,0.0
恒越,fixed_income_plus,20250331,2.6163,0.0,0.0,0.0
恒越,fixed_income_plus,20250630,2.6163,0.0,0.0,0.0
惠升,fixed_income_plus,20241231,44.2359,0.0,0.0,0.0
惠升,fixed_income_plus,20250331,44.2359,0.0,0.0,0.0
惠升,fixed_income_plus,20250630,44.2359,0.0,0.0,0.0
招商,fixed_income_plus,20241231,626.0,0.0,0.0,0.0
招商,fixed_income_plus,20250331,582.5,0.0,0.0,0.0
招商,fixed_income_plus,20250630,539.4047,0.0,9.0,-104.0
招商资管,fixed_income_plus,20241231,1.7224,0.0,0.0,0.0
招商资管,fixed_income_plus,20250331,1.7224,0.0,0.0,0.0
招商资管,fixed_income_plus,20250630,1.7224,0.0,0.0,0.0
摩根,fixed_income_plus,20241231,38.7843,0.0,0.0,0.0
摩根,fixed_income_plus,20250331,38.7843,0.0,0.0,0.0
摩根,fixed_income_plus,20250630,38.7843,0.0,0.0,0.0
摩根士丹利,fixed_income_plus,20241231,20.9692,0.0,0.0,0.0
摩根士丹利,fixed_income_plus,20250331,20.9692,0.0,0.0,0.0
摩根士丹利,fixed_income_plus,20250630,20.9692,0.0,0.0,0.0
新华,fixed_income_plus,20241231,35.8593,0.0,0.0,0.0
新华,fixed_income_plus,20250331,35.8593,0.0,0.0,0.0
新华,fixed_income_plus,20250630,35.8593,0.0,0.0,0.0
新疆前海联合,fixed_income_plus,20241231,0.2623,0.0,0.0,0.0
新疆前海联合,fixed_income_plus,20250331,0.2623,0.0,0.0,0.0
新疆前海联合,fixed_income_plus,20250630,0.2623,0.0,0.0,0.0
方正富邦,fixed_income_plus,20241231,6.0417,0.0,0.0,0.0
方正富邦,fixed_income_plus,20250331,6.0417,0.0,0.0,0.0
方正富邦,fixed_income_plus,20250630,6.0417,0.0,0.0,0.0
施罗德,fixed_income_plus,20241231,0.7867,0.0,0.0,0.0
施罗德,fixed_income_plus,20250331,0.7867,0.0,0.0,0.0
施罗德,fixed_income_plus,20250630,0.7867,0.0,0.0,0.0
易方达,fixed_income_plus,20241231,1895.0,0.0,0.0,0.0
易方达,fixed_income_plus,20250331,1969.0,0.0,0.0,0.0
易方达,fixed_income_plus,20250630,2042.7573,0.0,34.0,77.0
景顺长城,fixed_income_plus,20241231,572.0,0.0,0.0,0.0
景顺长城,fixed_income_plus,20250331,711.5,0.0,0.0,0.0
景顺长城,fixed_income_plus,20250630,850.5124,0.0,14.0,296.0
朱雀,fixed_income_plus,20241231,2.2083,0.0,0.0,0.0
朱雀,fixed_income_plus,20250331,2.2083,0.0,0.0,0.0
朱雀,fixed_income_plus,20250630,2.2083,0.0,0.0,0.0
格林,fixed_income_plus,20241231,3.5705,0.0,0.0,0.0
格林,fixed_income_plus,20250331,3.5705,0.0,0.0,0.0
格林,fixed_income_plus,20250630,3.5705,0.0,0.0,0.0
民生加银,fixed_income_plus,20241231,25.03,0.0,0.0,0.0
民生加银,fixed_income_plus,20250331,25.03,0.0,0.0,0.0
民生加银,fixed_income_plus,20250630,25.03,0.0,0.0,0.0
永赢,fixed_income_plus,20241231,199.0,0.0,0.0,0.0
永赢,fixed_income_plus,20250331,262.5,0.0,0.0,0.0
永赢,fixed_income_plus,20250630,326.2287,11.0,4.0,117.0
汇丰晋信,fixed_income_plus,20241231,4.7068,0.0,0.0,0.0
汇丰晋信,fixed_income_plus,20250331,4.7068,0.0,0.0,0.0
汇丰晋信,fixed_income_plus,20250630,4.7068,0.0,0.0,0.0
汇安,fixed_income_plus,20241231,26.9404,0.0,0.0,0.0
汇安,fixed_income_plus,20250331,26.9404,0.0,0.0,0.0
汇安,fixed_income_plus,20250630,26.9404,0.0,0.0,0.0
汇泉,fixed_income_plus,20241231,2.7556,0.0,0.0,0.0
汇泉,fixed_income_plus,20250331,2.7556,0.0,0.0,0.0
汇泉,fixed_income_plus,20250630,2.7556,0.0,0.0,0.0
汇添富,fixed_income_plus,20241231,383.0,0.0,0.0,0.0
汇添富,fixed_income_plus,20250331,434.0,0.0,0.0,0.0
汇添富,fixed_income_plus,20250630,484.5068,0.0,10.0,91.0
江信,fixed_income_plus,20241231,0.0142,0.0,0.0,0.0
江信,fixed_income_plus,20250331,0.0142,0.0,0.0,0.0
江信,fixed_income_plus,20250630,0.0142,0.0,0.0,0.0
泉果,fixed_income_plus,20241231,0.7716,0.0,0.0,0.0
泉果,fixed_income_plus,20250331,0.7716,0.0,0.0,0.0
泉果,fixed_income_plus,20250630,0.7716,0.0,0.0,0.0
泓德,fixed_income_plus,20241231,40.1736,0.0,0.0,0.0
泓德,fixed_income_plus,20250331,40.1736,0.0,0.0,0.0
泓德,fixed_income_plus,20250630,40.1736,0.0,0.0,0.0
泰信,fixed_income_plus,20241231,2.2039,0.0,0.0,0.0
泰信,fixed_income_plus,20250331,2.2039,0.0,0.0,0.0
泰信,fixed_income_plus,20250630,2.2039,0.0,0.0,0.0
泰康,fixed_income_plus,20241231,111.4217,0.0,0.0,0.0
泰康,fixed_income_plus,20250331,111.4217,0.0,0.0,0.0
泰康,fixed_income_plus,20250630,111.4217,0.0,0.0,0.0
浙商,fixed_income_plus,20241231,32.9322,0.0,0.0,0.0
浙商,fixed_income_plus,20250331,32.9322,0.0,0.0,0.0
浙商,fixed_income_plus,20250630,32.9322,0.0,0.0,0.0
浙商资管,fixed_income_plus,20241231,6.2001,0.0,0.0,0.0
浙商资管,fixed_income_plus,20250331,6.2001,0.0,0.0,0.0
浙商资管,fixed_income_plus,20250630,6.2001,0.0,0.0,0.0
浦银安盛,fixed_income_plus,20241231,38.6443,0.0,0.0,0.0
浦银安盛,fixed_income_plus,20250331,38.6443,0.0,0.0,0.0
浦银安盛,fixed_income_plus,20250630,38.6443,0.0,0.0,0.0
海富通,fixed_income_plus,20241231,111.7587,0.0,0.0,0.0
海富通,fixed_income_plus,20250331,111.7587,0.0,0.0,0.0
海富通,fixed_income_plus,20250630,111.7587,0.0,0.0,0.0
海通资管,fixed_income_plus,20241231,17.2432,0.0,0.0,0.0
海通资管,fixed_income_plus,20250331,17.2432,0.0,0.0,0.0
海通资管,fixed_income_plus,20250630,17.2432,0.0,0.0,0.0
淳厚,fixed_income_plus,20241231,0.3777,0.0,0.0,0.0
淳厚,fixed_income_plus,20250331,0.3777,0.0,0.0,0.0
淳厚,fixed_income_plus,20250630,0.3777,0.0,0.0,0.0
湘财,fixed_income_plus,20241231,0.1786,0.0,0.0,0.0
湘财,fixed_income_plus,20250331,0.1786,0.0,0.0,0.0
湘财,fixed_income_plus,20250630,0.1786,0.0,0.0,0.0
申万宏源资管,fixed_income_plus,20241231,2.9418,0.0,0.0,0.0
申万宏源资管,fixed_income_plus,20250331,2.9418,0.0,0.0,0.0
申万宏源资管,fixed_income_plus,20250630,2.9418,0.0,0.0,0.0
申万菱信,fixed_income_plus,20241231,9.1371,0.0,0.0,0.0
申万菱信,fixed_income_plus,20250331,9.1371,0.0,0.0,0.0
申万菱信,fixed_income_plus,20250630,9.1371,0.0,0.0,0.0
益民,fixed_income_plus,20241231,0.9116,0.0,0.0,0.0
益民,fixed_income_plus,20250331,0.9116,0.0,0.0,0.0
益民,fixed_income_plus,20250630,0.9116,0.0,0.0,0.0
睿远,fixed_income_plus,20241231,132.1591,0.0,0.0,0.0
睿远,fixed_income_plus,20250331,132.1591,0.0,0.0,0.0
睿远,fixed_income_plus,20250630,132.1591,0.0,0.0,0.0
红土创新,fixed_income_plus,20241231,22.1274,0.0,0.0,0.0
红土创新,fixed_income_plus,20250331,22.1274,0.0,0.0,0.0
红土创新,fixed_income_plus,20250630,22.1274,0.0,0.0,0.0
红塔红土,fixed_income_plus,20241231,1.2705,0.0,0.0,0.0
红塔红土,fixed_income_plus,20250331,1.2705,0.0,0.0,0.0
红塔红土,fixed_income_plus,20250630,1.2705,0.0,0.0,0.0
联博,fixed_income_plus,20241231,6.14,0.0,0.0,0.0
联博,fixed_income_plus,20250331,6.14,0.0,0.0,0.0
联博,fixed_income_plus,20250630,6.14,0.0,0.0,0.0
英大,fixed_income_plus,20241231,8.7268,0.0,0.0,0.0
英大,fixed_income_plus,20250331,8.7268,0.0,0.0,0.0
英大,fixed_income_plus,20250630,8.7268,0.0,0.0,0.0
蜂巢,fixed_income_plus,20241231,39.1448,0.0,0.0,0.0
蜂巢,fixed_income_plus,20250331,39.1448,0.0,0.0,0.0
蜂巢,fixed_income_plus,20250630,39.1448,0.0,0.0,0.0
融通,fixed_income_plus,20241231,52.2377,0.0,0.0,0.0
融通,fixed_income_plus,20250331,52.2377,0.0,0.0,0.0
融通,fixed_income_plus,20250630,52.2377,0.0,0.0,0.0
西部利得,fixed_income_plus,20241231,114.0,0.0,0.0,0.0
西部利得,fixed_income_plus,20250331,156.5,0.0,0.0,0.0
西部利得,fixed_income_plus,20250630,199.0285,3.0,3.0,77.0
诺安,fixed_income_plus,20241231,30.5157,0.0,0.0,0.0
诺安,fixed_income_plus,20250331,30.5157,0.0,0.0,0.0
诺安,fixed_income_plus,20250630,30.5157,0.0,0.0,0.0
诺德,fixed_income_plus,20241231,12.5636,0.0,0.0,0.0
诺德,fixed_income_plus,20250331,12.5636,0.0,0.0,0.0
诺德,fixed_income_plus,20250630,12.5636,0.0,0.0,0.0
贝莱德,fixed_income_plus,20241231,6.7864,0.0,0.0,0.0
贝莱德,fixed_income_plus,20250331,6.7864,0.0,0.0,0.0
贝莱德,fixed_income_plus,20250630,6.7864,0.0,0.0,0.0
财通,fixed_income_plus,20241231,8.8585,0.0,0.0,0.0
财通,fixed_income_plus,20250331,8.8585,0.0,0.0,0.0
财通,fixed_income_plus,20250630,8.8585,0.0,0.0,0.0
财通证券资管,fixed_income_plus,20241231,33.2133,0.0,0.0,0.0
财通证券资管,fixed_income_plus,20250331,33.2133,0.0,0.0,0.0
财通证券资管,fixed_income_plus,20250630,33.2133,0.0,0.0,0.0
路博迈,fixed_income_plus,20241231,6.5561,0.0,0.0,0.0
路博迈,fixed_income_plus,20250331,6.5561,0.0,0.0,0.0
路博迈,fixed_income_plus,20250630,6.5561,0.0,0.0,0.0
达诚,fixed_income_plus,20241231,2.4722,0.0,0.0,0.0
达诚,fixed_income_plus,20250331,2.4722,0.0,0.0,0.0
达诚,fixed_income_plus,20250630,2.4722,0.0,0.0,0.0
金信,fixed_income_plus,20241231,16.1409,0.0,0.0,0.0
金信,fixed_income_plus,20250331,16.1409,0.0,0.0,0.0
金信,fixed_income_plus,20250630,16.1409,0.0,0.0,0.0
金元顺安,fixed_income_plus,20241231,29.1539,0.0,0.0,0.0
金元顺安,fixed_income_plus,20250331,29.1539,0.0,0.0,0.0
金元顺安,fixed_income_plus,20250630,29.1539,0.0,0.0,0.0
金鹰,fixed_income_plus,20241231,75.2028,0.0,0.0,0.0
金鹰,fixed_income_plus,20250331,75.2028,0.0,0.0,0.0
金鹰,fixed_income_plus,20250630,75.2028,0.0,0.0,0.0
鑫元,fixed_income_plus,20241231,31.5061,0.0,0.0,0.0
鑫元,fixed_income_plus,20250331,31.5061,0.0,0.0,0.0
鑫元,fixed_income_plus,20250630,31.5061,0.0,0.0,0.0
银华,fixed_income_plus,20241231,27.0,0.0,0.0,0.0
银华,fixed_income_plus,20250331,41.0,0.0,0.0,0.0
银华,fixed_income_plus,20250630,55.4876,0.0,1.0,29.0
银河,fixed_income_plus,20241231,38.536,0.0,0.0,0.0
银河,fixed_income_plus,20250331,38.536,0.0,0.0,0.0
银河,fixed_income_plus,20250630,38.536,0.0,0.0,0.0
长信,fixed_income_plus,20241231,114.6822,0.0,0.0,0.0
长信,fixed_income_plus,20250331,114.6822,0.0,0.0,0.0
长信,fixed_income_plus,20250630,114.6822,0.0,0.0,0.0
长城,fixed_income_plus,20241231,26.7071,0.0,0.0,0.0
长城,fixed_income_plus,20250331,26.7071,0.0,0.0,0.0
长城,fixed_income_plus,20250630,26.7071,0.0,0.0,0.0
长安,fixed_income_plus,20241231,12.882,0.0,0.0,0.0
长安,fixed_income_plus,20250331,12.882,0.0,0.0,0.0
长安,fixed_income_plus,20250630,12.882,0.0,0.0,0.0
长江资管,fixed_income_plus,20241231,22.0279,0.0,0.0,0.0
长江资管,fixed_income_plus,20250331,22.0279,0.0,0.0,0.0
长江资管,fixed_income_plus,20250630,22.0279,0.0,0.0,0.0
长盛,fixed_income_plus,20241231,116.4483,0.0,0.0,0.0
长盛,fixed_income_plus,20250331,116.4483,0.0,0.0,0.0
长盛,fixed_income_plus,20250630,116.4483,0.0,0.0,0.0
鹏华,fixed_income_plus,20241231,351.0,0.0,0.0,0.0
鹏华,fixed_income_plus,20250331,401.0,0.0,0.0,0.0
鹏华,fixed_income_plus,20250630,450.5243,0.0,13.0,91.0
鹏扬,fixed_income_plus,20241231,148.8892,0.0,0.0,0.0
鹏扬,fixed_income_plus,20250331,148.8892,0.0,0.0,0.0
鹏扬,fixed_income_plus,20250630,148.8892,0.0,0.0,0.0
__industry__,fof,20241231,1332.0,0.0,0.0,0.0
__industry__,fof,20250331,1510.0,0.0,0.0,0.0
__industry__,fof,20250630,1657.0,328.0,46.0,-48.0
万家,fof,20241231,8.523,0.0,0.0,0.0
万家,fof,20250331,8.523,0.0,0.0,0.0
万家,fof,20250630,8.523,1.0,0.0,-2.0
上银,fof,20241231,2.136,0.0,0.0,0.0
上银,fof,20250331,2.136,0.0,0.0,0.0
上银,fof,20250630,2.136,0.0,0.0,0.0
东方,fof,20241231,1.3298,0.0,0.0,0.0
东方,fof,20250331,1.3298,0.0,0.0,0.0
东方,fof,20250630,1.3298,0.0,0.0,0.0
东方红,fof,20241231,44.0,0.0,0.0,0.0
东方红,fof,20250331,71.5,0.0,0.0,0.0
东方红,fof,20250630,98.9581,66.0,1.0,-12.0
中信建投,fof,20241231,0.9369,0.0,0.0,0.0
中信建投,fof,20250331,0.9369,0.0,0.0,0.0
中信建投,fof,20250630,0.9369,0.0,0.0,0.0
中信证券资管,fof,20241231,4.2413,0.0,0.0,0.0
中信证券资管,fof,20250331,4.2413,0.0,0.0,0.0
中信证券资管,fof,20250630,4.2413,0.0,0.0,0.0
中加,fof,20241231,1.0,0.0,0.0,0.0
中加,fof,20250331,8.0,0.0,0.0,0.0
中加,fof,20250630,15.0947,14.0,0.0,0.0
中欧,fof,20241231,103.0,0.0,0.0,0.0
中欧,fof,20250331,117.5,0.0,0.0,0.0
中欧,fof,20250630,131.7744,5.0,3.0,21.0
中泰证券资管,fof,20241231,2.2085,0.0,0.0,0.0
中泰证券资管,fof,20250331,2.2085,0.0,0.0,0.0
中泰证券资管,fof,20250630,2.2085,0.0,0.0,0.0
中金,fof,20241231,0.1075,0.0,0.0,0.0
中金,fof,20250331,0.1075,0.0,0.0,0.0
中金,fof,20250630,0.1075,0.0,0.0,0.0
中银,fof,20241231,6.0,0.0,0.0,0.0
中银,fof,20250331,8.5,0.0,0.0,0.0
中银,fof,20250630,10.517,0.0,0.0,4.0
中银证券,fof,20241231,5.0603,0.0,0.0,0.0
中银证券,fof,20250331,5.0603,0.0,0.0,0.0
中银证券,fof,20250630,5.0603,0.0,0.0,0.0
交银施罗德,fof,20241231,83.0,0.0,0.0,0.0
交银施罗德,fof,20250331,73.5,0.0,0.0,0.0
交银施罗德,fof,20250630,64.3899,0.0,3.0,-22.0
人保资产,fof,20241231,0.7252,0.0,0.0,0.0
人保资产,fof,20250331,0.7252,0.0,0.0,0.0
人保资产,fof,20250630,0.7252,0.0,0.0,0.0
信达澳亚,fof,20241231,0.3878,0.0,0.0,0.0
信达澳亚,fof,20250331,0.3878,0.0,0.0,0.0
信达澳亚,fof,20250630,0.3878,0.0,0.0,0.0
光大保德信,fof,20241231,0.863,0.0,0.0,0.0
光大保德信,fof,20250331,0.863,0.0,0.0,0.0
光大保德信,fof,20250630,0.863,0.0,0.0,0.0
兴业,fof,20241231,2.759,0.0,0.0,0.0
兴业,fof,20250331,2.759,0.0,0.0,0.0
兴业,fof,20250630,2.759,0.0,0.0,0.0
兴华,fof,20241231,0.2021,0.0,0.0,0.0
兴华,fof,20250331,0.2021,0.0,0.0,0.0
兴华,fof,20250630,0.2021,0.0,0.0,0.0
兴证全球,fof,20241231,153.0,0.0,0.0,0.0
兴证全球,fof,20250331,148.0,0.0,0.0,0.0
兴证全球,fof,20250630,143.1992,8.0,7.0,-25.0
兴证资管,fof,20241231,0.8765,0.0,0.0,0.0
兴证资管,fof,20250331,0.8765,0.0,0.0,0.0
兴证资管,fof,20250630,0.8765,0.0,0.0,0.0
农银汇理,fof,20241231,5.3997,0.0,0.0,0.0
农银汇理,fof,20250331,5.3997,0.0,0.0,0.0
农银汇理,fof,20250630,5.3997,0.0,0.0,0.0
创金合信,fof,20241231,1.3344,0.0,0.0,0.0
创金合信,fof,20250331,1.3344,0.0,0.0,0.0
创金合信,fof,20250630,1.3344,0.0,0.0,0.0
前海开源,fof,20241231,4.0,0.0,0.0,0.0
前海开源,fof,20250331,17.5,0.0,0.0,0.0
前海开源,fof,20250630,30.6545,23.0,0.0,4.0
华商,fof,20241231,7.2827,0.0,0.0,0.0
华商,fof,20250331,7.2827,0.0,0.0,0.0
华商,fof,20250630,7.2827,0.0,0.0,0.0
华夏,fof,20241231,85.0,0.0,0.0,0.0
华夏,fof,20250331,87.5,0.0,0.0,0.0
华夏,fof,20250630,89.5678,11.0,3.0,-9.0
华安,fof,20241231,46.0,0.0,0.0,0.0
华安,fof,20250331,71.5,0.0,0.0,0.0
华安,fof,20250630,96.655,0.0,1.0,50.0
华宝,fof,20241231,1.7265,0.0,0.0,0.0
华宝,fof,20250331,1.7265,0.0,0.0,0.0
华宝,fof,20250630,1.7265,0.0,0.0,0.0
华富,fof,20241231,0.733,0.0,0.0,0.0
华富,fof,20250331,0.733,0.0,0.0,0.0
华富,fof,20250630,0.733,0.0,0.0,0.0
华泰柏瑞,fof,20241231,1.1176,0.0,0.0,0.0
华泰柏瑞,fof,20250331,1.1176,0.0,0.0,0.0
华泰柏瑞,fof,20250630,1.1176,0.0,0.0,0.0
华泰证券资管,fof,20241231,0.545,0.0,0.0,0.0
华泰证券资管,fof,20250331,0.545,0.0,0.0,0.0
华泰证券资管,fof,20250630,0.545,0.0,0.0,0.0
南方,fof,20241231,79.0,0.0,0.0,0.0
南方,fof,20250331,90.0,0.0,0.0,0.0
南方,fof,20250630,101.4576,36.0,2.0,-15.0
博时,fof,20241231,5.0,0.0,0.0,0.0
博时,fof,20250331,42.5,0.0,0.0,0.0
博时,fof,20250630,80.2544,0.0,0.0,75.0
同泰,fof,20241231,2.5627,0.0,0.0,0.0
同泰,fof,20250331,2.5627,0.0,0.0,0.0
同泰,fof,20250630,2.5627,0.0,0.0,0.0
嘉实,fof,20241231,36.0,0.0,0.0,0.0
嘉实,fof,20250331,31.0,0.0,0.0,0.0
嘉实,fof,20250630,25.6763,0.0,1.0,-11.0
国信资管,fof,20241231,0.2696,0.0,0.0,0.0
国信资管,fof,20250331,0.2696,0.0,0.0,0.0
国信资管,fof,20250630,0.2696,0.0,0.0,0.0
国寿安保,fof,20241231,5.5209,0.0,0.0,0.0
国寿安保,fof,20250331,5.5209,0.0,0.0,0.0
国寿安保,fof,20250630,5.5209,0.0,0.0,0.0
国投瑞银,fof,20241231,1.9827,0.0,0.0,0.0
国投瑞银,fof,20250331,1.9827,0.0,0.0,0.0
国投瑞银,fof,20250630,1.9827,0.0,0.0,0.0
国新国证,fof,20241231,0.2133,0.0,0.0,0.0
国新国证,fof,20250331,0.2133,0.0,0.0,0.0
国新国证,fof,20250630,0.2133,0.0,0.0,0.0
国泰,fof,20241231,10.0,0.0,0.0,0.0
国泰,fof,20250331,13.0,0.0,0.0,0.0
国泰,fof,20250630,15.8402,0.0,0.0,5.0
国泰君安资管,fof,20241231,17.2123,0.0,0.0,0.0
国泰君安资管,fof,20250331,17.5,0.0,0.0,0.0
国泰君安资管,fof,20250630,17.2123,0.0,1.0,-2.0
国海富兰克林,fof,20241231,2.7386,0.0,0.0,0.0
国海富兰克林,fof,20250331,2.7386,0.0,0.0,0.0
国海富兰克林,fof,20250630,2.7386,0.0,0.0,0.0
国联,fof,20241231,0.5051,0.0,0.0,0.0
国联,fof,20250331,0.5051,0.0,0.0,0.0
国联,fof,20250630,0.5051,0.0,0.0,0.0
国联安,fof,20241231,0.9514,0.0,0.0,0.0
国联安,fof,20250331,0.9514,0.0,0.0,0.0
国联安,fof,20250630,0.9514,0.0,0.0,0.0
大成,fof,20241231,4.0157,0.0,0.0,0.0
大成,fof,20250331,4.0157,0.0,0.0,0.0
大成,fof,20250630,4.0157,0.0,0.0,0.0
天弘,fof,20241231,4.6197,0.0,0.0,0.0
天弘,fof,20250331,4.6197,0.0,0.0,0.0
天弘,fof,20250630,4.6197,0.0,0.0,0.0
太平,fof,20241231,2.3037,0.0,0.0,0.0
太平,fof,20250331,2.3037,0.0,0.0,0.0
太平,fof,20250630,2.3037,0.0,0.0,0.0
安信,fof,20241231,1.1611,0.0,0.0,0.0
安信,fof,20250331,1.1611,0.0,0.0,0.0
安信,fof,20250630,1.1611,0.0,0.0,0.0
宏利,fof,20241231,5.3474,0.0,0.0,0.0
宏利,fof,20250331,5.3474,0.0,0.0,0.0
宏利,fof,20250630,5.3474,0.0,0.0,0.0
富国,fof,20241231,30.0,0.0,0.0,0.0
富国,fof,20250331,44.0,0.0,0.0,0.0
富国,fof,20250630,58.2151,60.0,2.0,-32.0
富达,fof,20241231,5.3506,0.0,0.0,0.0
富达,fof,20250331,5.3506,0.0,0.0,0.0
富达,fof,20250630,5.3506,0.0,0.0,0.0
工银瑞信,fof,20241231,29.0,0.0,0.0,0.0
工银瑞信,fof,20250331,31.0,0.0,0.0,0.0
工银瑞信,fof,20250630,32.7884,0.0,2.0,2.0
平安,fof,20241231,44.0,0.0,0.0,0.0
平安,fof,20250331,48.5,0.0,0.0,0.0
平安,fof,20250630,53.1827,25.0,1.0,-17.0
广发,fof,20241231,68.4293,0.0,0.0,0.0
广发,fof,20250331,68.5,0.0,0.0,0.0
广发,fof,20250630,68.4293,1.0,3.0,-5.0
广发资管,fof,20241231,0.7367,0.0,0.0,0.0
广发资管,fof,20250331,0.7367,0.0,0.0,0.0
广发资管,fof,20250630,0.7367,0.0,0.0,0.0
建信,fof,20241231,15.0,0.0,0.0,0.0
建信,fof,20250331,16.5,0.0,0.0,0.0
建信,fof,20250630,18.0515,0.0,0.0,3.0
招商,fof,20241231,23.0,0.0,0.0,0.0
招商,fof,20250331,37.5,0.0,0.0,0.0
招商,fof,20250630,51.5039,30.0,1.0,-2.0
摩根,fof,20241231,5.1681,0.0,0.0,0.0
摩根,fof,20250331,5.1681,0.0,0.0,0.0
摩根,fof,20250630,5.1681,0.0,0.0,0.0
新疆前海联合,fof,20241231,0.0173,0.0,0.0,0.0
新疆前海联合,fof,20250331,0.0173,0.0,0.0,0.0
新疆前海联合,fof,20250630,0.0173,0.0,0.0,0.0
易方达,fof,20241231,106.0,0.0,0.0,0.0
易方达,fof,20250331,121.0,0.0,0.0,0.0
易方达,fof,20250630,135.676,3.0,3.0,23.0
景顺长城,fof,20241231,11.3944,0.0,0.0,0.0
景顺长城,fof,20250331,10.5,0.0,0.0,0.0
景顺长城,fof,20250630,11.3944,0.0,0.0,1.0
民生加银,fof,20241231,52.0,0.0,0.0,0.0
民生加银,fof,20250331,47.0,0.0,0.0,0.0
民生加银,fof,20250630,42.2456,0.0,1.0,-11.0
永赢,fof,20241231,6.7995,0.0,0.0,0.0
永赢,fof,20250331,6.7995,0.0,0.0,0.0
永赢,fof,20250630,6.7995,0.0,0.0,0.0
汇丰晋信,fof,20241231,1.1178,0.0,0.0,0.0
汇丰晋信,fof,20250331,1.1178,0.0,0.0,0.0
汇丰晋信,fof,20250630,1.1178,0.0,0.0,0.0
汇添富,fof,20241231,68.0,0.0,0.0,0.0
汇添富,fof,20250331,65.0,0.0,0.0,0.0
汇添富,fof,20250630,61.7374,1.0,3.0,-10.0
泰康,fof,20241231,10.5087,0.0,0.0,0.0
泰康,fof,20250331,11.5,0.0,0.0,0.0
泰康,fof,20250630,10.5087,0.0,0.0,-2.0
浙商,fof,20241231,0.2433,0.0,0.0,0.0
浙商,fof,20250331,0.2433,0.0,0.0,0.0
浙商,fof,20250630,0.2433,0.0,0.0,0.0
浙商资管,fof,20241231,1.5669,0.0,0.0,0.0
浙商资管,fof,20250331,1.5669,0.0,0.0,0.0
浙商资管,fof,20250630,1.5669,0.0,0.0,0.0
浦银安盛,fof,20241231,29.0,0.0,0.0,0.0
浦银安盛,fof,20250331,25.5,0.0,0.0,0.0
浦银安盛,fof,20250630,22.3057,0.0,1.0,-7.0
海富通,fof,20241231,7.3487,0.0,0.0,0.0
海富通,fof,20250331,6.5,0.0,0.0,0.0
海富通,fof,20250630,7.3487,3.0,0.0,-1.0
渤海汇金资管,fof,20241231,0.627,0.0,0.0,0.0
渤海汇金资管,fof,20250331,0.627,0.0,0.0,0.0
渤海汇金资管,fof,20250630,0.627,0.0,0.0,0.0
申万菱信,fof,20241231,1.6722,0.0,0.0,0.0
申万菱信,fof,20250331,1.6722,0.0,0.0,0.0
申万菱信,fof,20250630,1.6722,0.0,0.0,0.0
英大,fof,20241231,1.2911,0.0,0.0,0.0
英大,fof,20250331,1.2911,0.0,0.0,0.0
英大,fof,20250630,1.2911,0.0,0.0,0.0
西藏东财,fof,20241231,2.1987,0.0,0.0,0.0
西藏东财,fof,20250331,2.1987,0.0,0.0,0.0
西藏东财,fof,20250630,2.1987,0.0,0.0,0.0
诺德,fof,20241231,2.0752,0.0,0.0,0.0
诺德,fof,20250331,2.0752,0.0,0.0,0.0
诺德,fof,20250630,2.0752,0.0,0.0,0.0
财通,fof,20241231,1.8151,0.0,0.0,0.0
财通,fof,20250331,1.8151,0.0,0.0,0.0
财通,fof,20250630,1.8151,0.0,0.0,0.0
财通证券资管,fof,20241231,4.1926,0.0,0.0,0.0
财通证券资管,fof,20250331,4.1926,0.0,0.0,0.0
财通证券资管,fof,20250630,4.1926,0.0,0.0,0.0
金鹰,fof,20241231,5.7428,0.0,0.0,0.0
金鹰,fof,20250331,5.7428,0.0,0.0,0.0
金鹰,fof,20250630,5.7428,0.0,0.0,0.0
鑫元,fof,20241231,2.3967,0.0,0.0,0.0
鑫元,fof,20250331,2.3967,0.0,0.0,0.0
鑫元,fof,20250630,2.3967,0.0,0.0,0.0
银华,fof,20241231,17.0,0.0,0.0,0.0
银华,fof,20250331,20.5,0.0,0.0,0.0
银华,fof,20250630,24.4569,14.0,1.0,-7.0
银河,fof,20241231,1.0571,0.0,0.0,0.0
银河,fof,20250331,1.0571,0.0,0.0,0.0
银河,fof,20250630,1.0571,0.0,0.0,0.0
长信,fof,20241231,2.0596,0.0,0.0,0.0
长信,fof,20250331,2.0596,0.0,0.0,0.0
长信,fof,20250630,2.0596,0.0,0.0,0.0
长城,fof,20241231,1.2518,0.0,0.0,0.0
长城,fof,20250331,1.2518,0.0,0.0,0.0
长城,fof,20250630,1.2518,0.0,0.0,0.0
长江资管,fof,20241231,0.5247,0.0,0.0,0.0
长江资管,fof,20250331,0.5247,0.0,0.0,0.0
长江资管,fof,20250630,0.5247,0.0,0.0,0.0
鹏华,fof,20241231,6.0,0.0,0.0,0.0
鹏华,fof,20250331,7.7982,0.0,0.0,0.0
鹏华,fof,20250630,7.7982,0.0,0.0,1.0
鹏扬,fof,20241231,1.2361,0.0,0.0,0.0
鹏扬,fof,20250331,1.2361,0.0,0.0,0.0
鹏扬,fof,20250630,1.2361,0.0,0.0,0.0
__industry__,money,20241231,136086.0,0.0,0.0,0.0
__industry__,money,20250331,133268.0,0.0,0.0,0.0
__industry__,money,20250630,142311.0,0.0,920.0,5305.0
万家,money,20241231,3304.0,0.0,0.0,0.0
万家,money,20250331,3436.0,0.0,0.0,0.0
万家,money,20250630,3568.2803,0.0,23.0,241.0
万联资管,money,20241231,4.7366,0.0,0.0,0.0
万联资管,money,20250331,4.7366,0.0,0.0,0.0
万联资管,money,20250630,4.7366,0.0,0.0,0.0
上海证券,money,20241231,19.132,0.0,0.0,0.0
上海证券,money,20250331,19.132,0.0,0.0,0.0
上海证券,money,20250630,19.132,0.0,0.0,0.0
上银,money,20241231,742.8092,0.0,0.0,0.0
上银,money,20250331,742.8092,0.0,0.0,0.0
上银,money,20250630,742.8092,0.0,0.0,0.0
东兴,money,20241231,148.135,0.0,0.0,0.0
东兴,money,20250331,148.135,0.0,0.0,0.0
东兴,money,20250630,148.135,0.0,0.0,0.0
东吴,money,20241231,113.8103,0.0,0.0,0.0
东吴,money,20250331,113.8103,0.0,0.0,0.0
东吴,money,20250630,113.8103,0.0,0.0,0.0
东方,money,20241231,127.0785,0.0,0.0,0.0
东方,money,20250331,127.0785,0.0,0.0,0.0
东方,money,20250630,127.0785,0.0,0.0,0.0
东方红,money,20241231,301.7436,0.0,0.0,0.0
东方红,money,20250331,301.7436,0.0,0.0,0.0
东方红,money,20250630,301.7436,0.0,0.0,0.0
东海证券,money,20241231,6.03,0.0,0.0,0.0
东海证券,money,20250331,6.03,0.0,0.0,0.0
东海证券,money,20250630,6.03,0.0,0.0,0.0
东莞证券,money,20241231,35.9678,0.0,0.0,0.0
东莞证券,money,20250331,35.9678,0.0,0.0,0.0
东莞证券,money,20250630,35.9678,0.0,0.0,0.0
东证融汇,money,20241231,34.7168,0.0,0.0,0.0
东证融汇,money,20250331,34.7168,0.0,0.0,0.0
东证融汇,money,20250630,34.7168,0.0,0.0,0.0
中信保诚,money,20241231,606.0044,0.0,0.0,0.0
中信保诚,money,20250331,606.0044,0.0,0.0,0.0
中信保诚,money,20250630,606.0044,0.0,0.0,0.0
中信建投,money,20241231,194.6237,0.0,0.0,0.0
中信建投,money,20250331,194.6237,0.0,0.0,0.0
中信建投,money,20250630,194.6237,0.0,0.0,0.0
中信建投证券,money,20241231,238.0794,0.0,0.0,0.0
中信建投证券,money,20250331,238.0794,0.0,0.0,0.0
中信建投证券,money,20250630,238.0794,0.0,0.0,0.0
中信证券资管,money,20241231,34.9853,0.0,0.0,0.0
中信证券资管,money,20250331,34.9853,0.0,0.0,0.0
中信证券资管,money,20250630,34.9853,0.0,0.0,0.0
中加,money,20241231,169.7026,0.0,0.0,0.0
中加,money,20250331,169.7026,0.0,0.0,0.0
中加,money,20250630,169.7026,0.0,0.0,0.0
中原证券,money,20241231,36.3899,0.0,0.0,0.0
中原证券,money,20250331,36.3899,0.0,0.0,0.0
中原证券,money,20250630,36.3899,0.0,0.0,0.0
中欧,money,20241231,2183.0,0.0,0.0,0.0
中欧,money,20250331,2298.5,0.0,0.0,0.0
中欧,money,20250630,2414.4051,0.0,15.0,216.0
中泰证券资管,money,20241231,52.4843,0.0,0.0,0.0
中泰证券资管,money,20250331,52.4843,0.0,0.0,0.0
中泰证券资管,money,20250630,52.4843,0.0,0.0,0.0
中海,money,20241231,22.264,0.0,0.0,0.0
中海,money,20250331,22.264,0.0,0.0,0.0
中海,money,20250630,22.264,0.0,0.0,0.0
中科沃土,money,20241231,0.5127,0.0,0.0,0.0
中科沃土,money,20250331,0.5127,0.0,0.0,0.0
中科沃土,money,20250630,0.5127,0.0,0.0,0.0
中航,money,20241231,57.6132,0.0,0.0,0.0
中航,money,20250331,57.6132,0.0,0.0,0.0
中航,money,20250630,57.6132,0.0,0.0,0.0
中邮,money,20241231,27.9725,0.0,0.0,0.0
中邮,money,20250331,27.9725,0.0,0.0,0.0
中邮,money,20250630,27.9725,0.0,0.0,0.0
中金,money,20241231,1297.0286,0.0,0.0,0.0
中金,money,20250331,1297.0286,0.0,0.0,0.0
中金,money,20250630,1297.0286,0.0,0.0,0.0
中金财富,money,20241231,164.6281,0.0,0.0,0.0
中金财富,money,20250331,164.6281,0.0,0.0,0.0
中金财富,money,20250630,164.6281,0.0,0.0,0.0
中银,money,20241231,3024.0,0.0,0.0,0.0
中银,money,20250331,3307.0,0.0,0.0,0.0
中银,money,20250630,3590.0779,0.0,21.0,546.0
中银证券,money,20241231,102.7634,0.0,0.0,0.0
中银证券,money,20250331,102.7634,0.0,0.0,0.0
中银证券,money,20250630,102.7634,0.0,0.0,0.0
九泰,money,20241231,1.962,0.0,0.0,0.0
九泰,money,20250331,1.962,0.0,0.0,0.0
九泰,money,20250630,1.962,0.0,0.0,0.0
交银施罗德,money,20241231,2826.0,0.0,0.0,0.0
交银施罗德,money,20250331,2641.5,0.0,0.0,0.0
交银施罗德,money,20250630,2456.9395,0.0,17.0,-386.0
人保资产,money,20241231,44.4405,0.0,0.0,0.0
人保资产,money,20250331,44.4405,0.0,0.0,0.0
人保资产,money,20250630,44.4405,0.0,0.0,0.0
信达澳亚,money,20241231,348.9566,0.0,0.0,0.0
信达澳亚,money,20250331,348.9566,0.0,0.0,0.0
信达澳亚,money,20250630,348.9566,0.0,0.0,0.0
信达证券,money,20241231,24.1013,0.0,0.0,0.0
信达证券,money,20250331,24.1013,0.0,0.0,0.0
信达证券,money,20250630,24.1013,0.0,0.0,0.0
先锋,money,20241231,0.5412,0.0,0.0,0.0
先锋,money,20250331,0.5412,0.0,0.0,0.0
先锋,money,20250630,0.5412,0.0,0.0,0.0
光大保德信,money,20241231,182.0686,0.0,0.0,0.0
光大保德信,money,20250331,182.0686,0.0,0.0,0.0
光大保德信,money,20250630,182.0686,0.0,0.0,0.0
光证资管,money,20241231,270.8106,0.0,0.0,0.0
光证资管,money,20250331,270.8106,0.0,0.0,0.0
光证资管,money,20250630,270.8106,0.0,0.0,0.0
兴业,money,20241231,1252.0,0.0,0.0,0.0
兴业,money,20250331,1496.0,0.0,0.0,0.0
兴业,money,20250630,1739.5927,0.0,9.0,478.0
兴证全球,money,20241231,3816.0,0.0,0.0,0.0
兴证全球,money,20250331,3978.0,0.0,0.0,0.0
兴证全球,money,20250630,4140.1578,0.0,27.0,297.0
兴证资管,money,20241231,56.845,0.0,0.0,0.0
兴证资管,money,20250331,56.845,0.0,0.0,0.0
兴证资管,money,20250630,56.845,0.0,0.0,0.0
兴银,money,20241231,399.4094,0.0,0.0,0.0
兴银,money,20250331,399.4094,0.0,0.0,0.0
兴银,money,20250630,399.4094,0.0,0.0,0.0
农银汇理,money,20241231,797.9834,0.0,0.0,0.0
农银汇理,money,20250331,797.9834,0.0,0.0,0.0
农银汇理,money,20250630,797.9834,0.0,0.0,0.0
创金合信,money,20241231,491.5941,0.0,0.0,0.0
创金合信,money,20250331,491.5941,0.0,0.0,0.0
创金合信,money,20250630,491.5941,0.0,0.0,0.0
前海开源,money,20241231,230.4288,0.0,0.0,0.0
前海开源,money,20250331,230.4288,0.0,0.0,0.0
前海开源,money,20250630,230.4288,0.0,0.0,0.0
北信瑞丰,money,20241231,1.2109,0.0,0.0,0.0
北信瑞丰,money,20250331,1.2109,0.0,0.0,0.0
北信瑞丰,money,20250630,1.2109,0.0,0.0,0.0
华商,money,20241231,186.943,0.0,0.0,0.0
华商,money,20250331,186.943,0.0,0.0,0.0
华商,money,20250630,186.943,0.0,0.0,0.0
华夏,money,20241231,5497.0,0.0,0.0,0.0
华夏,money,20250331,6621.5,0.0,0.0,0.0
华夏,money,20250630,7746.0664,0.0,39.0,2210.0
华安,money,20241231,2796.0,0.0,0.0,0.0
华安,money,20250331,2917.5,0.0,0.0,0.0
华安,money,20250630,3038.5772,0.0,19.0,223.0
华安资管,money,20241231,34.4504,0.0,0.0,0.0
华安资管,money,20250331,34.4504,0.0,0.0,0.0
华安资管,money,20250630,34.4504,0.0,0.0,0.0
华宝,money,20241231,1861.0,0.0,0.0,0.0
华宝,money,20250331,1816.5,0.0,0.0,0.0
华宝,money,20250630,1771.7261,0.0,11.0,-100.0
华富,money,20241231,345.7123,0.0,0.0,0.0
华富,money,20250331,345.7123,0.0,0.0,0.0
华富,money,20250630,345.7123,0.0,0.0,0.0
华泰保兴,money,20241231,74.9421,0.0,0.0,0.0
华泰保兴,money,20250331,74.9421,0.0,0.0,0.0
华泰保兴,money,20250630,74.9421,0.0,0.0,0.0
华泰柏瑞,money,20241231,874.3817,0.0,0.0,0.0
华泰柏瑞,money,20250331,874.3817,0.0,0.0,0.0
华泰柏瑞,money,20250630,874.3817,0.0,0.0,0.0
华泰证券资管,money,20241231,1378.4763,0.0,0.0,0.0
华泰证券资管,money,20250331,1378.4763,0.0,0.0,0.0
华泰证券资管,money,20250630,1378.4763,0.0,0.0,0.0
华润元大,money,20241231,11.8083,0.0,0.0,0.0
华润元大,money,20250331,11.8083,0.0,0.0,0.0
华润元大,money,20250630,11.8083,0.0,0.0,0.0
南京证券,money,20241231,4.6772,0.0,0.0,0.0
南京证券,money,20250331,4.6772,0.0,0.0,0.0
南京证券,money,20250630,4.6772,0.0,0.0,0.0
南方,money,20241231,6367.0,0.0,0.0,0.0
南方,money,20250331,6393.0,0.0,0.0,0.0
南方,money,20250630,6419.166,0.0,44.0,8.0
博时,money,20241231,4608.0,0.0,0.0,0.0
博时,money,20250331,4599.0,0.0,0.0,0.0
博时,money,20250630,4590.274,0.0,32.0,-51.0
嘉合,money,20241231,92.4662,0.0,0.0,0.0
嘉合,money,20250331,92.4662,0.0,0.0,0.0
嘉合,money,20250630,92.4662,0.0,0.0,0.0
嘉实,money,20241231,3145.0,0.0,0.0,0.0
嘉实,money,20250331,3438.0,0.0,0.0,0.0
嘉实,money,20250630,3730.7774,0.0,21.0,564.0
国信资管,money,20241231,229.3156,0.0,0.0,0.0
国信资管,money,20250331,229.3156,0.0,0.0,0.0
国信资管,money,20250630,229.3156,0.0,0.0,0.0
国元证券,money,20241231,15.7503,0.0,0.0,0.0
国元证券,money,20250331,15.7503,0.0,0.0,0.0
国元证券,money,20250630,15.7503,0.0,0.0,0.0
国寿安保,money,20241231,1587.0,0.0,0.0,0.0
国寿安保,money,20250331,1508.0,0.0,0.0,0.0
国寿安保,money,20250630,1429.1029,0.0,10.0,-168.0
国投瑞银,money,20241231,1098.7263,0.0,0.0,0.0
国投瑞银,money,20250331,1098.7263,0.0,0.0,0.0
国投瑞银,money,20250630,1098.7263,0.0,0.0,0.0
国新国证,money,20241231,36.6039,0.0,0.0,0.0
国新国证,money,20250331,36.6039,0.0,0.0,0.0
国新国证,money,20250630,36.6039,0.0,0.0,0.0
国泰,money,20241231,3176.0,0.0,0.0,0.0
国泰,money,20250331,3233.5,0.0,0.0,0.0
国泰,money,20250630,3290.5538,0.0,22.0,93.0
国泰君安资管,money,20241231,319.2783,0.0,0.0,0.0
国泰君安资管,money,20250331,319.2783,0.0,0.0,0.0
国泰君安资管,money,20250630,319.2783,0.0,0.0,0.0
国海富兰克林,money,20241231,270.1289,0.0,0.0,0.0
国海富兰克林,money,20250331,270.1289,0.0,0.0,0.0
国海富兰克林,money,20250630,270.1289,0.0,0.0,0.0
国海证券,money,20241231,41.5163,0.0,0.0,0.0
国海证券,money,20250331,41.5163,0.0,0.0,0.0
国海证券,money,20250630,41.5163,0.0,0.0,0.0
国联,money,20241231,273.0086,0.0,0.0,0.0
国联,money,20250331,273.0086,0.0,0.0,0.0
国联,money,20250630,273.0086,0.0,0.0,0.0
国联安,money,20241231,257.0372,0.0,0.0,0.0
国联安,money,20250331,257.0372,0.0,0.0,0.0
国联安,money,20250630,257.0372,0.0,0.0,0.0
国联证券资管,money,20241231,63.4147,0.0,0.0,0.0
国联证券资管,money,20250331,63.4147,0.0,0.0,0.0
国联证券资管,money,20250630,63.4147,0.0,0.0,0.0
国证资管,money,20241231,163.9164,0.0,0.0,0.0
国证资管,money,20250331,163.9164,0.0,0.0,0.0
国证资管,money,20250630,163.9164,0.0,0.0,0.0
国金,money,20241231,299.9413,0.0,0.0,0.0
国金,money,20250331,299.9413,0.0,0.0,0.0
国金,money,20250630,299.9413,0.0,0.0,0.0
圆信永丰,money,20241231,112.4958,0.0,0.0,0.0
圆信永丰,money,20250331,112.4958,0.0,0.0,0.0
圆信永丰,money,20250630,112.4958,0.0,0.0,0.0
大成,money,20241231,1319.0,0.0,0.0,0.0
大成,money,20250331,1541.0,0.0,0.0,0.0
大成,money,20250630,1763.1975,0.0,9.0,435.0
天弘,money,20241231,8324.0,0.0,0.0,0.0
天弘,money,20250331,8432.5,0.0,0.0,0.0
天弘,money,20250630,8540.8634,0.0,54.0,162.0
天治,money,20241231,5.5517,0.0,0.0,0.0
天治,money,20250331,5.5517,0.0,0.0,0.0
天治,money,20250630,5.5517,0.0,0.0,0.0
天风资管,money,20241231,3.6851,0.0,0.0,0.0
天风资管,money,20250331,3.6851,0.0,0.0,0.0
天风资管,money,20250630,3.6851,0.0,0.0,0.0
太平,money,20241231,71.3914,0.0,0.0,0.0
太平,money,20250331,71.3914,0.0,0.0,0.0
太平,money,20250630,71.3914,0.0,0.0,0.0
安信,money,20241231,105.4317,0.0,0.0,0.0
安信,money,20250331,105.4317,0.0,0.0,0.0
安信,money,20250630,105.4317,0.0,0.0,0.0
宏利,money,20241231,339.2152,0.0,0.0,0.0
宏利,money,20250331,339.2152,0.0,0.0,0.0
宏利,money,20250630,339.2152,0.0,0.0,0.0
宝盈,money,20241231,284.5433,0.0,0.0,0.0
宝盈,money,20250331,284.5433,0.0,0.0,0.0
宝盈,money,20250630,284.5433,0.0,0.0,0.0
富国,money,20241231,4068.0,0.0,0.0,0.0
富国,money,20250331,4178.5,0.0,0.0,0.0
富国,money,20250630,4288.7661,0.0,28.0,192.0
富安达,money,20241231,62.3999,0.0,0.0,0.0
富安达,money,20250331,62.3999,0.0,0.0,0.0
富安达,money,20250630,62.3999,0.0,0.0,0.0
富荣,money,20241231,69.4785,0.0,0.0,0.0
富荣,money,20250331,69.4785,0.0,0.0,0.0
富荣,money,20250630,69.4785,0.0,0.0,0.0
山证资管,money,20241231,68.3835,0.0,0.0,0.0
山证资管,money,20250331,68.3835,0.0,0.0,0.0
山证资管,money,20250630,68.3835,0.0,0.0,0.0
工银瑞信,money,20241231,4378.0,0.0,0.0,0.0
工银瑞信,money,20250331,4058.5,0.0,0.0,0.0
工银瑞信,money,20250630,3739.2817,0.0,28.0,-666.0
平安,money,20241231,3883.0,0.0,0.0,0.0
平安,money,20250331,3960.0,0.0,0.0,0.0
平安,money,20250630,4037.3869,0.0,28.0,126.0
平安证券,money,20241231,309.0535,0.0,0.0,0.0
平安证券,money,20250331,309.0535,0.0,0.0,0.0
平安证券,money,20250630,309.0535,0.0,0.0,0.0
广发,money,20241231,6252.0,0.0,0.0,0.0
广发,money,20250331,6200.5,0.0,0.0,0.0
广发,money,20250630,6148.7426,0.0,43.0,-146.0
广发资管,money,20241231,304.4331,0.0,0.0,0.0
广发资管,money,20250331,304.4331,0.0,0.0,0.0
广发资管,money,20250630,304.4331,0.0,0.0,0.0
建信,money,20241231,7001.0,0.0,0.0,0.0
建信,money,20250331,7173.5,0.0,0.0,0.0
建信,money,20250630,7345.5662,0.0,53.0,292.0
德邦,money,20241231,110.9081,0.0,0.0,0.0
德邦,money,20250331,110.9081,0.0,0.0,0.0
德邦,money,20250630,110.9081,0.0,0.0,0.0
恒泰证券,money,20241231,4.6545,0.0,0.0,0.0
恒泰证券,money,20250331,4.6545,0.0,0.0,0.0
恒泰证券,money,20250630,4.6545,0.0,0.0,0.0
招商,money,20241231,3223.0,0.0,0.0,0.0
招商,money,20250331,3480.5,0.0,0.0,0.0
招商,money,20250630,3737.8654,0.0,22.0,493.0
招商资管,money,20241231,610.1651,0.0,0.0,0.0
招商资管,money,20250331,610.1651,0.0,0.0,0.0
招商资管,money,20250630,610.1651,0.0,0.0,0.0
摩根,money,20241231,790.0604,0.0,0.0,0.0
摩根,money,20250331,790.0604,0.0,0.0,0.0
摩根,money,20250630,790.0604,0.0,0.0,0.0
新华,money,20241231,207.5511,0.0,0.0,0.0
新华,money,20250331,207.5511,0.0,0.0,0.0
新华,money,20250630,207.5511,0.0,0.0,0.0
新沃,money,20241231,1.8547,0.0,0.0,0.0
新沃,money,20250331,1.8547,0.0,0.0,0.0
新沃,money,20250630,1.8547,0.0,0.0,0.0
新疆前海联合,money,20241231,0.511,0.0,0.0,0.0
新疆前海联合,money,20250331,0.511,0.0,0.0,0.0
新疆前海联合,money,20250630,0.511,0.0,0.0,0.0
方正富邦,money,20241231,395.5646,0.0,0.0,0.0
方正富邦,money,20250331,395.5646,0.0,0.0,0.0
方正富邦,money,20250630,395.5646,0.0,0.0,0.0
方正证券,money,20241231,90.0148,0.0,0.0,0.0
方正证券,money,20250331,90.0148,0.0,0.0,0.0
方正证券,money,20250630,90.0148,0.0,0.0,0.0
易方达,money,20241231,6226.0,0.0,0.0,0.0
易方达,money,20250331,6320.5,0.0,0.0,0.0
易方达,money,20250630,6414.5689,0.0,43.0,145.0
景顺长城,money,20241231,1719.0,0.0,0.0,0.0
景顺长城,money,20250331,1786.5,0.0,0.0,0.0
景顺长城,money,20250630,1853.6562,0.0,11.0,124.0
格林,money,20241231,3.0476,0.0,0.0,0.0
格林,money,20250331,3.0476,0.0,0.0,0.0
格林,money,20250630,3.0476,0.0,0.0,0.0
民生加银,money,20241231,283.6685,0.0,0.0,0.0
民生加银,money,20250331,283.6685,0.0,0.0,0.0
民生加银,money,20250630,283.6685,0.0,0.0,0.0
永赢,money,20241231,1780.0,0.0,0.0,0.0
永赢,money,20250331,1820.5,0.0,0.0,0.0
永赢,money,20250630,1861.261,0.0,13.0,68.0
汇丰晋信,money,20241231,233.0407,0.0,0.0,0.0
汇丰晋信,money,20250331,233.0407,0.0,0.0,0.0
汇丰晋信,money,20250630,233.0407,0.0,0.0,0.0
汇添富,money,20241231,4149.0,0.0,0.0,0.0
汇添富,money,20250331,4303.5,0.0,0.0,0.0
汇添富,money,20250630,4458.3248,0.0,27.0,282.0
江信,money,20241231,2.5686,0.0,0.0,0.0
江信,money,20250331,2.5686,0.0,0.0,0.0
江信,money,20250630,2.5686,0.0,0.0,0.0
泓德,money,20241231,16.0386,0.0,0.0,0.0
泓德,money,20250331,16.0386,0.0,0.0,0.0
泓德,money,20250630,16.0386,0.0,0.0,0.0
泰信,money,20241231,194.5351,0.0,0.0,0.0
泰信,money,20250331,194.5351,0.0,0.0,0.0
泰信,money,20250630,194.5351,0.0,0.0,0.0
泰康,money,20241231,454.1037,0.0,0.0,0.0
泰康,money,20250331,454.1037,0.0,0.0,0.0
泰康,money,20250630,454.1037,0.0,0.0,0.0
浙商,money,20241231,106.6755,0.0,0.0,0.0
浙商,money,20250331,106.6755,0.0,0.0,0.0
浙商,money,20250630,106.6755,0.0,0.0,0.0
浙商资管,money,20241231,12.3302,0.0,0.0,0.0
浙商资管,money,20250331,12.3302,0.0,0.0,0.0
浙商资管,money,20250630,12.3302,0.0,0.0,0.0
浦银安盛,money,20241231,2038.0,0.0,0.0,0.0
浦银安盛,money,20250331,1977.5,0.0,0.0,0.0
浦银安盛,money,20250630,1917.4136,0.0,14.0,-135.0
海富通,money,20241231,468.9026,0.0,0.0,0.0
海富通,money,20250331,468.9026,0.0,0.0,0.0
海富通,money,20250630,468.9026,0.0,0.0,0.0
海通资管,money,20241231,153.0994,0.0,0.0,0.0
海通资管,money,20250331,153.0994,0.0,0.0,0.0
海通资管,money,20250630,153.0994,0.0,0.0,0.0
渤海汇金资管,money,20241231,37.8172,0.0,0.0,0.0
渤海汇金资管,money,20250331,37.8172,0.0,0.0,0.0
渤海汇金资管,money,20250630,37.8172,0.0,0.0,0.0
湘财证券,money,20241231,26.99,0.0,0.0,0.0
湘财证券,money,20250331,26.99,0.0,0.0,0.0
湘财证券,money,20250630,26.99,0.0,0.0,0.0
申万宏源资管,money,20241231,262.1758,0.0,0.0,0.0
申万宏源资管,money,20250331,262.1758,0.0,0.0,0.0
申万宏源资管,money,20250630,262.1758,0.0,0.0,0.0
申万菱信,money,20241231,122.3273,0.0,0.0,0.0
申万菱信,money,20250331,122.3273,0.0,0.0,0.0
申万菱信,money,20250630,122.3273,0.0,0.0,0.0
粤开证券,money,20241231,4.7065,0.0,0.0,0.0
粤开证券,money,20250331,4.7065,0.0,0.0,0.0
粤开证券,money,20250630,4.7065,0.0,0.0,0.0
红土创新,money,20241231,127.8198,0.0,0.0,0.0
红土创新,money,20250331,127.8198,0.0,0.0,0.0
红土创新,money,20250630,127.8198,0.0,0.0,0.0
红塔红土,money,20241231,15.297,0.0,0.0,0.0
红塔红土,money,20250331,15.297,0.0,0.0,0.0
红塔红土,money,20250630,15.297,0.0,0.0,0.0
英大,money,20241231,156.7458,0.0,0.0,0.0
英大,money,20250331,156.7458,0.0,0.0,0.0
英大,money,20250630,156.7458,0.0,0.0,0.0
融通,money,20241231,809.8292,0.0,0.0,0.0
融通,money,20250331,809.8292,0.0,0.0,0.0
融通,money,20250630,809.8292,0.0,0.0,0.0
西南证券,money,20241231,9.0158,0.0,0.0,0.0
西南证券,money,20250331,9.0158,0.0,0.0,0.0
西南证券,money,20250630,9.0158,0.0,0.0,0.0
西部利得,money,20241231,236.1338,0.0,0.0,0.0
西部利得,money,20250331,236.1338,0.0,0.0,0.0
西部利得,money,20250630,236.1338,0.0,0.0,0.0
西部证券,money,20241231,5.0058,0.0,0.0,0.0
西部证券,money,20250331,5.0058,0.0,0.0,0.0
西部证券,money,20250630,5.0058,0.0,0.0,0.0
诚通证券,money,20241231,3.0032,0.0,0.0,0.0
诚通证券,money,20250331,3.0032,0.0,0.0,0.0
诚通证券,money,20250630,3.0032,0.0,0.0,0.0
诺安,money,20241231,1258.1686,0.0,0.0,0.0
诺安,money,20250331,1258.1686,0.0,0.0,0.0
诺安,money,20250630,1258.1686,0.0,0.0,0.0
诺德,money,20241231,69.0021,0.0,0.0,0.0
诺德,money,20250331,69.0021,0.0,0.0,0.0
诺德,money,20250630,69.0021,0.0,0.0,0.0
财通,money,20241231,139.6994,0.0,0.0,0.0
财通,money,20250331,139.6994,0.0,0.0,0.0
财通,money,20250630,139.6994,0.0,0.0,0.0
财通证券资管,money,20241231,127.0088,0.0,0.0,0.0
财通证券资管,money,20250331,127.0088,0.0,0.0,0.0
财通证券资管,money,20250630,127.0088,0.0,0.0,0.0
金信,money,20241231,35.0997,0.0,0.0,0.0
金信,money,20250331,35.0997,0.0,0.0,0.0
金信,money,20250630,35.0997,0.0,0.0,0.0
金元顺安,money,20241231,83.1158,0.0,0.0,0.0
金元顺安,money,20250331,83.1158,0.0,0.0,0.0
金元顺安,money,20250630,83.1158,0.0,0.0,0.0
金鹰,money,20241231,243.774,0.0,0.0,0.0
金鹰,money,20250331,243.774,0.0,0.0,0.0
金鹰,money,20250630,243.774,0.0,0.0,0.0
鑫元,money,20241231,716.8865,0.0,0.0,0.0
鑫元,money,20250331,716.8865,0.0,0.0,0.0
鑫元,money,20250630,716.8865,0.0,0.0,0.0
银华,money,20241231,2893.0,0.0,0.0,0.0
银华,money,20250331,3138.5,0.0,0.0,0.0
银华,money,20250630,3383.8649,0.0,19.0,472.0
银河,money,20241231,304.8318,0.0,0.0,0.0
银河,money,20250331,304.8318,0.0,0.0,0.0
银河,money,20250630,304.8318,0.0,0.0,0.0
银河金汇,money,20241231,306.7137,0.0,0.0,0.0
银河金汇,money,20250331,306.7137,0.0,0.0,0.0
银河金汇,money,20250630,306.7137,0.0,0.0,0.0
长信,money,20241231,1018.3677,0.0,0.0,0.0
长信,money,20250331,1018.3677,0.0,0.0,0.0
长信,money,20250630,1018.3677,0.0,0.0,0.0
长城,money,20241231,2038.0,0.0,0.0,0.0
长城,money,20250331,2061.0,0.0,0.0,0.0
长城,money,20250630,2084.1709,0.0,14.0,32.0
长安,money,20241231,53.0228,0.0,0.0,0.0
长安,money,20250331,53.0228,0.0,0.0,0.0
长安,money,20250630,53.0228,0.0,0.0,0.0
长江资管,money,20241231,125.4184,0.0,0.0,0.0
长江资管,money,20250331,125.4184,0.0,0.0,0.0
长江资管,money,20250630,125.4184,0.0,0.0,0.0
长盛,money,20241231,308.1481,0.0,0.0,0.0
长盛,money,20250331,308.1481,0.0,0.0,0.0
长盛,money,20250630,308.1481,0.0,0.0,0.0
鹏华,money,20241231,4627.0,0.0,0.0,0.0
鹏华,money,20250331,4642.0,0.0,0.0,0.0
鹏华,money,20250630,4657.1905,0.0,33.0,-3.0
鹏扬,money,20241231,210.0179,0.0,0.0,0.0
鹏扬,money,20250331,210.0179,0.0,0.0,0.0
鹏扬,money,20250630,210.0179,0.0,0.0,0.0
__industry__,non_money,20241231,191844.0,0.0,0.0,0.0
__industry__,non_money,20250331,189180.0,0.0,0.0,0.0
__industry__,non_money,20250630,201856.0,5301.0,5393.0,-682.0
万家,non_money,20241231,1530.6472,0.0,0.0,0.0
万家,non_money,20250331,1530.6472,0.0,0.0,0.0
万家,non_money,20250630,1530.6472,0.0,0.0,0.0
上海证券,non_money,20241231,0.7058,0.0,0.0,0.0
上海证券,non_money,20250331,0.7058,0.0,0.0,0.0
上海证券,non_money,20250630,0.7058,0.0,0.0,0.0
上银,non_money,20241231,1758.0,0.0,0.0,0.0
上银,non_money,20250331,1760.5,0.0,0.0,0.0
上银,non_money,20250630,1763.1423,0.0,0.0,0.0
东兴,non_money,20241231,240.9822,0.0,0.0,0.0
东兴,non_money,20250331,240.9822,0.0,0.0,0.0
东兴,non_money,20250630,240.9822,0.0,0.0,0.0
东吴,non_money,20241231,262.9972,0.0,0.0,0.0
东吴,non_money,20250331,262.9972,0.0,0.0,0.0
东吴,non_money,20250630,262.9972,0.0,0.0,0.0
东吴证券,non_money,20241231,0.8567,0.0,0.0,0.0
东吴证券,non_money,20250331,0.8567,0.0,0.0,0.0
东吴证券,non_money,20250630,0.8567,0.0,0.0,0.0
东方,non_money,20241231,1106.9671,0.0,0.0,0.0
东方,non_money,20250331,1106.9671,0.0,0.0,0.0
东方,non_money,20250630,1106.9671,0.0,0.0,0.0
东方红,non_money,20241231,1496.6849,0.0,0.0,0.0
东方红,non_money,20250331,1496.6849,0.0,0.0,0.0
东方红,non_money,20250630,1496.6849,0.0,0.0,0.0
东方阿尔法,non_money,20241231,52.7834,0.0,0.0,0.0
东方阿尔法,non_money,20250331,52.7834,0.0,0.0,0.0
东方阿尔法,non_money,20250630,52.7834,0.0,0.0,0.0
东海,non_money,20241231,284.1975,0.0,0.0,0.0
东海,non_money,20250331,284.1975,0.0,0.0,0.0
东海,non_money,20250630,284.1975,0.0,0.0,0.0
东海证券,non_money,20241231,1.281,0.0,0.0,0.0
东海证券,non_money,20250331,1.281,0.0,0.0,0.0
东海证券,non_money,20250630,1.281,0.0,0.0,0.0
东证融汇,non_money,20241231,142.719,0.0,0.0,0.0
东证融汇,non_money,20250331,142.719,0.0,0.0,0.0
东证融汇,non_money,20250630,142.719,0.0,0.0,0.0
中信保诚,non_money,20241231,1023.2857,0.0,0.0,0.0
中信保诚,non_money,20250331,1023.2857,0.0,0.0,0.0
中信保诚,non_money,20250630,1023.2857,0.0,0.0,0.0
中信建投,non_money,20241231,564.6508,0.0,0.0,0.0
中信建投,non_money,20250331,564.6508,0.0,0.0,0.0
中信建投,non_money,20250630,564.6508,0.0,0.0,0.0
中信建投证券,non_money,20241231,13.7702,0.0,0.0,0.0
中信建投证券,non_money,20250331,13.7702,0.0,0.0,0.0
中信建投证券,non_money,20250630,13.7702,0.0,0.0,0.0
中信证券资管,non_money,20241231,151.8443,0.0,0.0,0.0
中信证券资管,non_money,20250331,151.8443,0.0,0.0,0.0
中信证券资管,non_money,20250630,151.8443,0.0,0.0,0.0
中加,non_money,20241231,1239.5333,0.0,0.0,0.0
中加,non_money,20250331,1239.5333,0.0,0.0,0.0
中加,non_money,20250630,1239.5333,0.0,0.0,0.0
中庚,non_money,20241231,116.0726,0.0,0.0,0.0
中庚,non_money,20250331,116.0726,0.0,0.0,0.0
中庚,non_money,20250630,116.0726,0.0,0.0,0.0
中欧,non_money,20241231,3105.0,0.0,0.0,0.0
中欧,non_money,20250331,3414.5,0.0,0.0,0.0
中欧,non_money,20250630,3724.1085,0.0,0.0,0.0
中泰证券资管,non_money,20241231,366.4134,0.0,0.0,0.0
中泰证券资管,non_money,20250331,366.4134,0.0,0.0,0.0
中泰证券资管,non_money,20250630,366.4134,0.0,0.0,0.0
中海,non_money,20241231,93.1421,0.0,0.0,0.0
中海,non_money,20250331,93.1421,0.0,0.0,0.0
中海,non_money,20250630,93.1421,0.0,0.0,0.0
中科沃土,non_money,20241231,0.5955,0.0,0.0,0.0
中科沃土,non_money,20250331,0.5955,0.0,0.0,0.0
中科沃土,non_money,20250630,0.5955,0.0,0.0,0.0
中航,non_money,20241231,420.6149,0.0,0.0,0.0
中航,non_money,20250331,420.6149,0.0,0.0,0.0
中航,non_money,20250630,420.6149,0.0,0.0,0.0
中邮,non_money,20241231,709.9026,0.0,0.0,0.0
中邮,non_money,20250331,709.9026,0.0,0.0,0.0
中邮,non_money,20250630,709.9026,0.0,0.0,0.0
中金,non_money,20241231,910.5629,0.0,0.0,0.0
中金,non_money,20250331,910.5629,0.0,0.0,0.0
中金,non_money,20250630,910.5629,0.0,0.0,0.0
中金公司,non_money,20241231,5.3777,0.0,0.0,0.0
中金公司,non_money,20250331,5.3777,0.0,0.0,0.0
中金公司,non_money,20250630,5.3777,0.0,0.0,0.0
中银,non_money,20241231,3164.0,0.0,0.0,0.0
中银,non_money,20250331,3172.5,0.0,0.0,0.0
中银,non_money,20250630,3180.5561,0.0,0.0,0.0
中银证券,non_money,20241231,1201.3069,0.0,0.0,0.0
中银证券,non_money,20250331,1201.3069,0.0,0.0,0.0
中银证券,non_money,20250630,1201.3069,0.0,0.0,0.0
九泰,non_money,20241231,9.1274,0.0,0.0,0.0
九泰,non_money,20250331,9.1274,0.0,0.0,0.0
九泰,non_money,20250630,9.1274,0.0,0.0,0.0
交银施罗德,non_money,20241231,2552.0,0.0,0.0,0.0
交银施罗德,non_money,20250331,2540.0,0.0,0.0,0.0
交银施罗德,non_money,20250630,2528.1129,0.0,0.0,0.0
京管泰富,non_money,20241231,145.2535,0.0,0.0,0.0
京管泰富,non_money,20250331,145.2535,0.0,0.0,0.0
京管泰富,non_money,20250630,145.2535,0.0,0.0,0.0
人保资产,non_money,20241231,200.7529,0.0,0.0,0.0
人保资产,non_money,20250331,200.7529,0.0,0.0,0.0
人保资产,non_money,20250630,200.7529,0.0,0.0,0.0
信达澳亚,non_money,20241231,681.1064,0.0,0.0,0.0
信达澳亚,non_money,20250331,681.1064,0.0,0.0,0.0
信达澳亚,non_money,20250630,681.1064,0.0,0.0,0.0
信达证券,non_money,20241231,5.9249,0.0,0.0,0.0
信达证券,non_money,20250331,5.9249,0.0,0.0,0.0
信达证券,non_money,20250630,5.9249,0.0,0.0,0.0
先锋,non_money,20241231,26.8393,0.0,0.0,0.0
先锋,non_money,20250331,26.8393,0.0,0.0,0.0
先锋,non_money,20250630,26.8393,0.0,0.0,0.0
光大保德信,non_money,20241231,609.2882,0.0,0.0,0.0
光大保德信,non_money,20250331,609.2882,0.0,0.0,0.0
光大保德信,non_money,20250630,609.2882,0.0,0.0,0.0
光证资管,non_money,20241231,45.7168,0.0,0.0,0.0
光证资管,non_money,20250331,45.7168,0.0,0.0,0.0
光证资管,non_money,20250630,45.7168,0.0,0.0,0.0
兴业,non_money,20241231,2223.0,0.0,0.0,0.0
兴业,non_money,20250331,2482.0,0.0,0.0,0.0
兴业,non_money,20250630,2740.6409,0.0,0.0,0.0
兴华,non_money,20241231,73.1078,0.0,0.0,0.0
兴华,non_money,20250331,73.1078,0.0,0.0,0.0
兴华,non_money,20250630,73.1078,0.0,0.0,0.0
兴合,non_money,20241231,3.7174,0.0,0.0,0.0
兴合,non_money,20250331,3.7174,0.0,0.0,0.0
兴合,non_money,20250630,3.7174,0.0,0.0,0.0
兴证全球,non_money,20241231,2699.0,0.0,0.0,0.0
兴证全球,non_money,20250331,2796.5,0.0,0.0,0.0
兴证全球,non_money,20250630,2893.614,0.0,0.0,0.0
兴证资管,non_money,20241231,10.7439,0.0,0.0,0.0
兴证资管,non_money,20250331,10.7439,0.0,0.0,0.0
兴证资管,non_money,20250630,10.7439,0.0,0.0,0.0
兴银,non_money,20241231,702.2533,0.0,0.0,0.0
兴银,non_money,20250331,702.2533,0.0,0.0,0.0
兴银,non_money,20250630,702.2533,0.0,0.0,0.0
农银汇理,non_money,20241231,1294.2821,0.0,0.0,0.0
农银汇理,non_money,20250331,1294.2821,0.0,0.0,0.0
农银汇理,non_money,20250630,1294.2821,0.0,0.0,0.0
凯石,non_money,20241231,1.0604,0.0,0.0,0.0
凯石,non_money,20250331,1.0604,0.0,0.0,0.0
凯石,non_money,20250630,1.0604,0.0,0.0,0.0
创金合信,non_money,20241231,1256.1412,0.0,0.0,0.0
创金合信,non_money,20250331,1256.1412,0.0,0.0,0.0
创金合信,non_money,20250630,1256.1412,0.0,0.0,0.0
前海开源,non_money,20241231,816.8332,0.0,0.0,0.0
前海开源,non_money,20250331,816.8332,0.0,0.0,0.0
前海开源,non_money,20250630,816.8332,0.0,0.0,0.0
北信瑞丰,non_money,20241231,25.8471,0.0,0.0,0.0
北信瑞丰,non_money,20250331,25.8471,0.0,0.0,0.0
北信瑞丰,non_money,20250630,25.8471,0.0,0.0,0.0
华商,non_money,20241231,1028.4272,0.0,0.0,0.0
华商,non_money,20250331,1028.4272,0.0,0.0,0.0
华商,non_money,20250630,1028.4272,0.0,0.0,0.0
华夏,non_money,20241231,12384.0,0.0,0.0,0.0
华夏,non_money,20250331,12821.0,0.0,0.0,0.0
华夏,non_money,20250630,13257.9007,0.0,0.0,0.0
华安,non_money,20241231,4101.0,0.0,0.0,0.0
华安,non_money,20250331,4275.5,0.0,0.0,0.0
华安,non_money,20250630,4450.2625,0.0,0.0,0.0
华安资管,non_money,20241231,30.5129,0.0,0.0,0.0
华安资管,non_money,20250331,30.5129,0.0,0.0,0.0
华安资管,non_money,20250630,30.5129,0.0,0.0,0.0
华宝,non_money,20241231,1693.0,0.0,0.0,0.0
华宝,non_money,20250331,1739.0,0.0,0.0,0.0
华宝,non_money,20250630,1784.9748,0.0,0.0,0.0
华宸未来,non_money,20241231,2.563,0.0,0.0,0.0
华宸未来,non_money,20250331,2.563,0.0,0.0,0.0
华宸未来,non_money,20250630,2.563,0.0,0.0,0.0
华富,non_money,20241231,609.0573,0.0,0.0,0.0
华富,non_money,20250331,609.0573,0.0,0.0,0.0
华富,non_money,20250630,609.0573,0.0,0.0,0.0
华泰保兴,non_money,20241231,602.1234,0.0,0.0,0.0
华泰保兴,non_money,20250331,602.1234,0.0,0.0,0.0
华泰保兴,non_money,20250630,602.1234,0.0,0.0,0.0
华泰柏瑞,non_money,20241231,5878.0,0.0,0.0,0.0
华泰柏瑞,non_money,20250331,6042.5,0.0,0.0,0.0
华泰柏瑞,non_money,20250630,6207.0274,0.0,0.0,0.0
华泰证券资管,non_money,20241231,272.6288,0.0,0.0,0.0
华泰证券资管,non_money,20250331,272.6288,0.0,0.0,0.0
华泰证券资管,non_money,20250630,272.6288,0.0,0.0,0.0
华润元大,non_money,20241231,121.1304,0.0,0.0,0.0
华润元大,non_money,20250331,121.1304,0.0,0.0,0.0
华润元大,non_money,20250630,121.1304,0.0,0.0,0.0
华西,non_money,20241231,2.9732,0.0,0.0,0.0
华西,non_money,20250331,2.9732,0.0,0.0,0.0
华西,non_money,20250630,2.9732,0.0,0.0,0.0
南华,non_money,20241231,215.2689,0.0,0.0,0.0
南华,non_money,20250331,215.2689,0.0,0.0,0.0
南华,non_money,20250630,215.2689,0.0,0.0,0.0
南方,non_money,20241231,6830.0,0.0,0.0,0.0
南方,non_money,20250331,7130.5,0.0,0.0,0.0
南方,non_money,20250630,7430.6632,0.0,0.0,0.0
博时,non_money,20241231,6601.0,0.0,0.0,0.0
博时,non_money,20250331,6667.5,0.0,0.0,0.0
博时,non_money,20250630,6734.0833,0.0,0.0,0.0
博远,non_money,20241231,89.9634,0.0,0.0,0.0
博远,non_money,20250331,89.9634,0.0,0.0,0.0
博远,non_money,20250630,89.9634,0.0,0.0,0.0
博道,non_money,20241231,227.737,0.0,0.0,0.0
博道,non_money,20250331,227.737,0.0,0.0,0.0
博道,non_money,20250630,227.737,0.0,0.0,0.0
合煦智远,non_money,20241231,4.2358,0.0,0.0,0.0
合煦智远,non_money,20250331,4.2358,0.0,0.0,0.0
合煦智远,non_money,20250630,4.2358,0.0,0.0,0.0
同泰,non_money,20241231,76.8671,0.0,0.0,0.0
同泰,non_money,20250331,76.8671,0.0,0.0,0.0
同泰,non_money,20250630,76.8671,0.0,0.0,0.0
嘉合,non_money,20241231,350.9852,0.0,0.0,0.0
嘉合,non_money,20250331,350.9852,0.0,0.0,0.0
嘉合,non_money,20250630,350.9852,0.0,0.0,0.0
嘉实,non_money,20241231,7268.0,0.0,0.0,0.0
嘉实,non_money,20250331,7444.0,0.0,0.0,0.0
嘉实,non_money,20250630,7620.0429,0.0,0.0,0.0
国信资管,non_money,20241231,20.4751,0.0,0.0,0.0
国信资管,non_money,20250331,20.4751,0.0,0.0,0.0
国信资管,non_money,20250630,20.4751,0.0,0.0,0.0
国元证券,non_money,20241231,13.0259,0.0,0.0,0.0
国元证券,non_money,20250331,13.0259,0.0,0.0,0.0
国元证券,non_money,20250630,13.0259,0.0,0.0,0.0
国寿安保,non_money,20241231,1900.0,0.0,0.0,0.0
国寿安保,non_money,20250331,1938.5,0.0,0.0,0.0
国寿安保,non_money,20250630,1977.2533,0.0,0.0,0.0
国投瑞银,non_money,20241231,1394.42,0.0,0.0,0.0
国投瑞银,non_money,20250331,1394.42,0.0,0.0,0.0
国投瑞银,non_money,20250630,1394.42,0.0,0.0,0.0
国新国证,non_money,20241231,94.1672,0.0,0.0,0.0
国新国证,non_money,20250331,94.1672,0.0,0.0,0.0
国新国证,non_money,20250630,94.1672,0.0,0.0,0.0
国泰,non_money,20241231,3926.0,0.0,0.0,0.0
国泰,non_money,20250331,4143.0,0.0,0.0,0.0
国泰,non_money,20250630,4360.2997,0.0,0.0,0.0
国泰君安资管,non_money,20241231,504.0286,0.0,0.0,0.0
国泰君安资管,non_money,20250331,504.0286,0.0,0.0,0.0
国泰君安资管,non_money,20250630,504.0286,0.0,0.0,0.0
国海富兰克林,non_money,20241231,501.25,0.0,0.0,0.0
国海富兰克林,non_money,20250331,501.25,0.0,0.0,0.0
国海富兰克林,non_money,20250630,501.25,0.0,0.0,0.0
国联,non_money,20241231,1305.5565,0.0,0.0,0.0
国联,non_money,20250331,1305.5565,0.0,0.0,0.0
国联,non_money,20250630,1305.5565,0.0,0.0,0.0
国联安,non_money,20241231,1095.0657,0.0,0.0,0.0
国联安,non_money,20250331,1095.0657,0.0,0.0,0.0
国联安,non_money,20250630,1095.0657,0.0,0.0,0.0
国联证券资管,non_money,20241231,38.8116,0.0,0.0,0.0
国联证券资管,non_money,20250331,38.8116,0.0,0.0,0.0
国联证券资管,non_money,20250630,38.8116,0.0,0.0,0.0
国融,non_money,20241231,27.9754,0.0,0.0,0.0
国融,non_money,20250331,27.9754,0.0,0.0,0.0
国融,non_money,20250630,27.9754,0.0,0.0,0.0
国证资管,non_money,20241231,6.5853,0.0,0.0,0.0
国证资管,non_money,20250331,6.5853,0.0,0.0,0.0
国证资管,non_money,20250630,6.5853,0.0,0.0,0.0
国都证券,non_money,20241231,0.1998,0.0,0.0,0.0
国都证券,non_money,20250331,0.1998,0.0,0.0,0.0
国都证券,non_money,20250630,0.1998,0.0,0.0,0.0
国金,non_money,20241231,413.9097,0.0,0.0,0.0
国金,non_money,20250331,413.9097,0.0,0.0,0.0
国金,non_money,20250630,413.9097,0.0,0.0,0.0
圆信永丰,non_money,20241231,232.2433,0.0,0.0,0.0
圆信永丰,non_money,20250331,232.2433,0.0,0.0,0.0
圆信永丰,non_money,20250630,232.2433,0.0,0.0,0.0
大成,non_money,20241231,2272.0,0.0,0.0,0.0
大成,non_money,20250331,2416.5,0.0,0.0,0.0
大成,non_money,20250630,2560.5136,0.0,0.0,0.0
天弘,non_money,20241231,4109.0,0.0,0.0,0.0
天弘,non_money,20250331,4233.5,0.0,0.0,0.0
天弘,non_money,20250630,4358.4629,0.0,0.0,0.0
天治,non_money,20241231,90.8574,0.0,0.0,0.0
天治,non_money,20250331,90.8574,0.0,0.0,0.0
天治,non_money,20250630,90.8574,0.0,0.0,0.0
太平,non_money,20241231,504.7179,0.0,0.0,0.0
太平,non_money,20250331,504.7179,0.0,0.0,0.0
太平,non_money,20250630,504.7179,0.0,0.0,0.0
安信,non_money,20241231,834.9075,0.0,0.0,0.0
安信,non_money,20250331,834.9075,0.0,0.0,0.0
安信,non_money,20250630,834.9075,0.0,0.0,0.0
安联,non_money,20241231,6.854,0.0,0.0,0.0
安联,non_money,20250331,6.854,0.0,0.0,0.0
安联,non_money,20250630,6.854,0.0,0.0,0.0
宏利,non_money,20241231,616.3951,0.0,0.0,0.0
宏利,non_money,20250331,616.3951,0.0,0.0,0.0
宏利,non_money,20250630,616.3951,0.0,0.0,0.0
宝盈,non_money,20241231,448.3839,0.0,0.0,0.0
宝盈,non_money,20250331,448.3839,0.0,0.0,0.0
宝盈,non_money,20250630,448.3839,0.0,0.0,0.0
富国,non_money,20241231,6810.0,0.0,0.0,0.0
富国,non_money,20250331,7236.5,0.0,0.0,0.0
富国,non_money,20250630,7662.5723,0.0,0.0,0.0
富安达,non_money,20241231,69.9771,0.0,0.0,0.0
富安达,non_money,20250331,69.9771,0.0,0.0,0.0
富安达,non_money,20250630,69.9771,0.0,0.0,0.0
富荣,non_money,20241231,113.5322,0.0,0.0,0.0
富荣,non_money,20250331,113.5322,0.0,0.0,0.0
富荣,non_money,20250630,113.5322,0.0,0.0,0.0
富达,non_money,20241231,41.2076,0.0,0.0,0.0
富达,non_money,20250331,41.2076,0.0,0.0,0.0
富达,non_money,20250630,41.2076,0.0,0.0,0.0
尚正,non_money,20241231,68.3565,0.0,0.0,0.0
尚正,non_money,20250331,68.3565,0.0,0.0,0.0
尚正,non_money,20250630,68.3565,0.0,0.0,0.0
山证资管,non_money,20241231,206.3829,0.0,0.0,0.0
山证资管,non_money,20250331,206.3829,0.0,0.0,0.0
山证资管,non_money,20250630,206.3829,0.0,0.0,0.0
工银瑞信,non_money,20241231,4064.0,0.0,0.0,0.0
工银瑞信,non_money,20250331,4155.0,0.0,0.0,0.0
工银瑞信,non_money,20250630,4246.1713,0.0,0.0,0.0
平安,non_money,20241231,2470.0,0.0,0.0,0.0
平安,non_money,20250331,2517.5,0.0,0.0,0.0
平安,non_money,20250630,2564.8821,0.0,0.0,0.0
广发,non_money,20241231,8226.0,0.0,0.0,0.0
广发,non_money,20250331,8587.0,0.0,0.0,0.0
广发,non_money,20250630,8947.8519,0.0,0.0,0.0
广发资管,non_money,20241231,20.9521,0.0,0.0,0.0
广发资管,non_money,20250331,20.9521,0.0,0.0,0.0
广发资管,non_money,20250630,20.9521,0.0,0.0,0.0
建信,non_money,20241231,1916.0,0.0,0.0,0.0
建信,non_money,20250331,1934.0,0.0,0.0,0.0
建信,non_money,20250630,1951.7038,0.0,0.0,0.0
弘毅远方,non_money,20241231,5.5461,0.0,0.0,0.0
弘毅远方,non_money,20250331,5.5461,0.0,0.0,0.0
弘毅远方,non_money,20250630,5.5461,0.0,0.0,0.0
德邦,non_money,20241231,434.1483,0.0,0.0,0.0
德邦,non_money,20250331,434.1483,0.0,0.0,0.0
德邦,non_money,20250630,434.1483,0.0,0.0,0.0
德邦资管,non_money,20241231,2.3931,0.0,0.0,0.0
德邦资管,non_money,20250331,2.3931,0.0,0.0,0.0
德邦资管,non_money,20250630,2.3931,0.0,0.0,0.0
恒生前海,non_money,20241231,164.6957,0.0,0.0,0.0
恒生前海,non_money,20250331,164.6957,0.0,0.0,0.0
恒生前海,non_money,20250630,164.6957,0.0,0.0,0.0
恒越,non_money,20241231,33.2303,0.0,0.0,0.0
恒越,non_money,20250331,33.2303,0.0,0.0,0.0
恒越,non_money,20250630,33.2303,0.0,0.0,0.0
惠升,non_money,20241231,572.7735,0.0,0.0,0.0
惠升,non_money,20250331,572.7735,0.0,0.0,0.0
惠升,non_money,20250630,572.7735,0.0,0.0,0.0
招商,non_money,20241231,5668.0,0.0,0.0,0.0
招商,non_money,20250331,5496.0,0.0,0.0,0.0
招商,non_money,20250630,5324.1479,0.0,0.0,0.0
招商资管,non_money,20241231,5.4144,0.0,0.0,0.0
招商资管,non_money,20250331,5.4144,0.0,0.0,0.0
招商资管,non_money,20250630,5.4144,0.0,0.0,0.0
摩根,non_money,20241231,1078.4167,0.0,0.0,0.0
摩根,non_money,20250331,1078.4167,0.0,0.0,0.0
摩根,non_money,20250630,1078.4167,0.0,0.0,0.0
摩根士丹利,non_money,20241231,242.9282,0.0,0.0,0.0
摩根士丹利,non_money,20250331,242.9282,0.0,0.0,0.0
摩根士丹利,non_money,20250630,242.9282,0.0,0.0,0.0
新华,non_money,20241231,324.5058,0.0,0.0,0.0
新华,non_money,20250331,324.5058,0.0,0.0,0.0
新华,non_money,20250630,324.5058,0.0,0.0,0.0
新沃,non_money,20241231,125.7852,0.0,0.0,0.0
新沃,non_money,20250331,125.7852,0.0,0.0,0.0
新沃,non_money,20250630,125.7852,0.0,0.0,0.0
新疆前海联合,non_money,20241231,150.4148,0.0,0.0,0.0
新疆前海联合,non_money,20250331,150.4148,0.0,0.0,0.0
新疆前海联合,non_money,20250630,150.4148,0.0,0.0,0.0
方正富邦,non_money,20241231,456.4469,0.0,0.0,0.0
方正富邦,non_money,20250331,456.4469,0.0,0.0,0.0
方正富邦,non_money,20250630,456.4469,0.0,0.0,0.0
施罗德,non_money,20241231,54.4266,0.0,0.0,0.0
施罗德,non_money,20250331,54.4266,0.0,0.0,0.0
施罗德,non_money,20250630,54.4266,0.0,0.0,0.0
明亚,non_money,20241231,1.2532,0.0,0.0,0.0
明亚,non_money,20250331,1.2532,0.0,0.0,0.0
明亚,non_money,20250630,1.2532,0.0,0.0,0.0
易方达,non_money,20241231,14197.0,0.0,0.0,0.0
易方达,non_money,20250331,14716.5,0.0,0.0,0.0
易方达,non_money,20250630,15235.585,0.0,0.0,0.0
易米,non_money,20241231,14.1686,0.0,0.0,0.0
易米,non_money,20250331,14.1686,0.0,0.0,0.0
易米,non_money,20250630,14.1686,0.0,0.0,0.0
景顺长城,non_money,20241231,4227.0,0.0,0.0,0.0
景顺长城,non_money,20250331,4474.0,0.0,0.0,0.0
景顺长城,non_money,20250630,4720.8971,0.0,0.0,0.0
朱雀,non_money,20241231,100.8373,0.0,0.0,0.0
朱雀,non_money,20250331,100.8373,0.0,0.0,0.0
朱雀,non_money,20250630,100.8373,0.0,0.0,0.0
格林,non_money,20241231,253.3815,0.0,0.0,0.0
格林,non_money,20250331,253.3815,0.0,0.0,0.0
格林,non_money,20250630,253.3815,0.0,0.0,0.0
民生加银,non_money,20241231,1413.8208,0.0,0.0,0.0
民生加银,non_money,20250331,1413.8208,0.0,0.0,0.0
民生加银,non_money,20250630,1413.8208,0.0,0.0,0.0
永赢,non_money,20241231,3515.0,0.0,0.0,0.0
永赢,non_money,20250331,3550.0,0.0,0.0,0.0
永赢,non_money,20250630,3585.466,0.0,0.0,0.0
汇丰晋信,non_money,20241231,334.7904,0.0,0.0,0.0
汇丰晋信,non_money,20250331,334.7904,0.0,0.0,0.0
汇丰晋信,non_money,20250630,334.7904,0.0,0.0,0.0
汇安,non_money,20241231,509.9104,0.0,0.0,0.0
汇安,non_money,20250331,509.9104,0.0,0.0,0.0
汇安,non_money,20250630,509.9104,0.0,0.0,0.0
汇泉,non_money,20241231,24.3843,0.0,0.0,0.0
汇泉,non_money,20250331,24.3843,0.0,0.0,0.0
汇泉,non_money,20250630,24.3843,0.0,0.0,0.0
汇添富,non_money,20241231,4945.0,0.0,0.0,0.0
汇添富,non_money,20250331,5262.5,0.0,0.0,0.0
汇添富,non_money,20250630,5579.7709,0.0,0.0,0.0
汇百川,non_money,20241231,0.6238,0.0,0.0,0.0
汇百川,non_money,20250331,0.6238,0.0,0.0,0.0
汇百川,non_money,20250630,0.6238,0.0,0.0,0.0
江信,non_money,20241231,11.5939,0.0,0.0,0.0
江信,non_money,20250331,11.5939,0.0,0.0,0.0
江信,non_money,20250630,11.5939,0.0,0.0,0.0
泉果,non_money,20241231,180.2638,0.0,0.0,0.0
泉果,non_money,20250331,180.2638,0.0,0.0,0.0
泉果,non_money,20250630,180.2638,0.0,0.0,0.0
泓德,non_money,20241231,423.581,0.0,0.0,0.0
泓德,non_money,20250331,423.581,0.0,0.0,0.0
泓德,non_money,20250630,423.581,0.0,0.0,0.0
泰信,non_money,20241231,134.8339,0.0,0.0,0.0
泰信,non_money,20250331,134.8339,0.0,0.0,0.0
泰信,non_money,20250630,134.8339,0.0,0.0,0.0
泰康,non_money,20241231,924.8596,0.0,0.0,0.0
泰康,non_money,20250331,924.8596,0.0,0.0,0.0
泰康,non_money,20250630,924.8596,0.0,0.0,0.0
浙商,non_money,20241231,273.1666,0.0,0.0,0.0
浙商,non_money,20250331,273.1666,0.0,0.0,0.0
浙商,non_money,20250630,273.1666,0.0,0.0,0.0
浙商资管,non_money,20241231,315.5016,0.0,0.0,0.0
浙商资管,non_money,20250331,315.5016,0.0,0.0,0.0
浙商资管,non_money,20250630,315.5016,0.0,0.0,0.0
浦银安盛,non_money,20241231,1782.0,0.0,0.0,0.0
浦银安盛,non_money,20250331,1740.5,0.0,0.0,0.0
浦银安盛,non_money,20250630,1699.2002,0.0,0.0,0.0
海富通,non_money,20241231,1692.3211,0.0,0.0,0.0
海富通,non_money,20250331,1692.3211,0.0,0.0,0.0
海富通,non_money,20250630,1692.3211,0.0,0.0,0.0
海通资管,non_money,20241231,26.5256,0.0,0.0,0.0
海通资管,non_money,20250331,26.5256,0.0,0.0,0.0
海通资管,non_money,20250630,26.5256,0.0,0.0,0.0
淳厚,non_money,20241231,215.63,0.0,0.0,0.0
淳厚,non_money,20250331,215.63,0.0,0.0,0.0
淳厚,non_money,20250630,215.63,0.0,0.0,0.0
渤海汇金资管,non_money,20241231,197.7265,0.0,0.0,0.0
渤海汇金资管,non_money,20250331,197.7265,0.0,0.0,0.0
渤海汇金资管,non_money,20250630,197.7265,0.0,0.0,0.0
湘财,non_money,20241231,71.2812,0.0,0.0,0.0
湘财,non_money,20250331,71.2812,0.0,0.0,0.0
湘财,non_money,20250630,71.2812,0.0,0.0,0.0
瑞达,non_money,20241231,0.8919,0.0,0.0,0.0
瑞达,non_money,20250331,0.8919,0.0,0.0,0.0
瑞达,non_money,20250630,0.8919,0.0,0.0,0.0
申万宏源资管,non_money,20241231,9.3097,0.0,0.0,0.0
申万宏源资管,non_money,20250331,9.3097,0.0,0.0,0.0
申万宏源资管,non_money,20250630,9.3097,0.0,0.0,0.0
申万菱信,non_money,20241231,705.9979,0.0,0.0,0.0
申万菱信,non_money,20250331,705.9979,0.0,0.0,0.0
申万菱信,non_money,20250630,705.9979,0.0,0.0,0.0
百嘉,non_money,20241231,73.5073,0.0,0.0,0.0
百嘉,non_money,20250331,73.5073,0.0,0.0,0.0
百嘉,non_money,20250630,73.5073,0.0,0.0,0.0
益民,non_money,20241231,9.1339,0.0,0.0,0.0
益民,non_money,20250331,9.1339,0.0,0.0,0.0
益民,non_money,20250630,9.1339,0.0,0.0,0.0
睿远,non_money,20241231,462.1519,0.0,0.0,0.0
睿远,non_money,20250331,462.1519,0.0,0.0,0.0
睿远,non_money,20250630,462.1519,0.0,0.0,0.0
红土创新,non_money,20241231,85.4614,0.0,0.0,0.0
红土创新,non_money,20250331,85.4614,0.0,0.0,0.0
红土创新,non_money,20250630,85.4614,0.0,0.0,0.0
红塔红土,non_money,20241231,46.3875,0.0,0.0,0.0
红塔红土,non_money,20250331,46.3875,0.0,0.0,0.0
红塔红土,non_money,20250630,46.3875,0.0,0.0,0.0
联博,non_money,20241231,11.1015,0.0,0.0,0.0
联博,non_money,20250331,11.1015,0.0,0.0,0.0
联博,non_money,20250630,11.1015,0.0,0.0,0.0
苏新,non_money,20241231,145.7747,0.0,0.0,0.0
苏新,non_money,20250331,145.7747,0.0,0.0,0.0
苏新,non_money,20250630,145.7747,0.0,0.0,0.0
英大,non_money,20241231,457.1086,0.0,0.0,0.0
英大,non_money,20250331,457.1086,0.0,0.0,0.0
英大,non_money,20250630,457.1086,0.0,0.0,0.0
蜂巢,non_money,20241231,488.8405,0.0,0.0,0.0
蜂巢,non_money,20250331,488.8405,0.0,0.0,0.0
蜂巢,non_money,20250630,488.8405,0.0,0.0,0.0
融通,non_money,20241231,732.7091,0.0,0.0,0.0
融通,non_money,20250331,732.7091,0.0,0.0,0.0
融通,non_money,20250630,732.7091,0.0,0.0,0.0
西藏东财,non_money,20241231,375.0784,0.0,0.0,0.0
西藏东财,non_money,20250331,375.0784,0.0,0.0,0.0
西藏东财,non_money,20250630,375.0784,0.0,0.0,0.0
西部利得,non_money,20241231,925.1366,0.0,0.0,0.0
西部利得,non_money,20250331,925.1366,0.0,0.0,0.0
西部利得,non_money,20250630,925.1366,0.0,0.0,0.0
诺安,non_money,20241231,628.2567,0.0,0.0,0.0
诺安,non_money,20250331,628.2567,0.0,0.0,0.0
诺安,non_money,20250630,628.2567,0.0,0.0,0.0
诺德,non_money,20241231,277.055,0.0,0.0,0.0
诺德,non_money,20250331,277.055,0.0,0.0,0.0
诺德,non_money,20250630,277.055,0.0,0.0,0.0
贝莱德,non_money,20241231,68.6035,0.0,0.0,0.0
贝莱德,non_money,20250331,68.6035,0.0,0.0,0.0
贝莱德,non_money,20250630,68.6035,0.0,0.0,0.0
财信证券,non_money,20241231,2.1622,0.0,0.0,0.0
财信证券,non_money,20250331,2.1622,0.0,0.0,0.0
财信证券,non_money,20250630,2.1622,0.0,0.0,0.0
财达证券,non_money,20241231,10.1861,0.0,0.0,0.0
财达证券,non_money,20250331,10.1861,0.0,0.0,0.0
财达证券,non_money,20250630,10.1861,0.0,0.0,0.0
财通,non_money,20241231,607.8316,0.0,0.0,0.0
财通,non_money,20250331,607.8316,0.0,0.0,0.0
财通,non_money,20250630,607.8316,0.0,0.0,0.0
财通证券资管,non_money,20241231,1009.2382,0.0,0.0,0.0
财通证券资管,non_money,20250331,1009.2382,0.0,0.0,0.0
财通证券资管,non_money,20250630,1009.2382,0.0,0.0,0.0
路博迈,non_money,20241231,128.9995,0.0,0.0,0.0
路博迈,non_money,20250331,128.9995,0.0,0.0,0.0
路博迈,non_money,20250630,128.9995,0.0,0.0,0.0
达诚,non_money,20241231,14.5538,0.0,0.0,0.0
达诚,non_money,20250331,14.5538,0.0,0.0,0.0
达诚,non_money,20250630,14.5538,0.0,0.0,0.0
金信,non_money,20241231,103.6014,0.0,0.0,0.0
金信,non_money,20250331,103.6014,0.0,0.0,0.0
金信,non_money,20250630,103.6014,0.0,0.0,0.0
金元顺安,non_money,20241231,194.1477,0.0,0.0,0.0
金元顺安,non_money,20250331,194.1477,0.0,0.0,0.0
金元顺安,non_money,20250630,194.1477,0.0,0.0,0.0
金鹰,non_money,20241231,436.4725,0.0,0.0,0.0
金鹰,non_money,20250331,436.4725,0.0,0.0,0.0
金鹰,non_money,20250630,436.4725,0.0,0.0,0.0
鑫元,non_money,20241231,1400.9577,0.0,0.0,0.0
鑫元,non_money,20250331,1400.9577,0.0,0.0,0.0
鑫元,non_money,20250630,1400.9577,0.0,0.0,0.0
银华,non_money,20241231,2452.0,0.0,0.0,0.0
银华,non_money,20250331,2437.5,0.0,0.0,0.0
银华,non_money,20250630,2422.572,0.0,0.0,0.0
银河,non_money,20241231,758.8574,0.0,0.0,0.0
银河,non_money,20250331,758.8574,0.0,0.0,0.0
银河,non_money,20250630,758.8574,0.0,0.0,0.0
银河金汇,non_money,20241231,8.4848,0.0,0.0,0.0
银河金汇,non_money,20250331,8.4848,0.0,0.0,0.0
银河金汇,non_money,20250630,8.4848,0.0,0.0,0.0
长信,non_money,20241231,888.0186,0.0,0.0,0.0
长信,non_money,20250331,888.0186,0.0,0.0,0.0
长信,non_money,20250630,888.0186,0.0,0.0,0.0
长城,non_money,20241231,1394.766,0.0,0.0,0.0
长城,non_money,20250331,1394.766,0.0,0.0,0.0
长城,non_money,20250630,1394.766,0.0,0.0,0.0
长安,non_money,20241231,91.4705,0.0,0.0,0.0
长安,non_money,20250331,91.4705,0.0,0.0,0.0
长安,non_money,20250630,91.4705,0.0,0.0,0.0
长江资管,non_money,20241231,169.5627,0.0,0.0,0.0
长江资管,non_money,20250331,169.5627,0.0,0.0,0.0
长江资管,non_money,20250630,169.5627,0.0,0.0,0.0
长盛,non_money,20241231,655.9802,0.0,0.0,0.0
长盛,non_money,20250331,655.9802,0.0,0.0,0.0
长盛,non_money,20250630,655.9802,0.0,0.0,0.0
鹏华,non_money,20241231,4495.0,0.0,0.0,0.0
鹏华,non_money,20250331,4669.5,0.0,0.0,0.0
鹏华,non_money,20250630,4843.5759,0.0,0.0,0.0
鹏扬,non_money,20241231,1199.5628,0.0,0.0,0.0
鹏扬,non_money,20250331,1199.5628,0.0,0.0,0.0
鹏扬,non_money,20250630,1199.5628,0.0,0.0,0.0
__industry__,passive_equity,20241231,43693.0,0.0,0.0,0.0
__industry__,passive_equity,20250331,44509.0,0.0,0.0,0.0
__industry__,passive_equity,20250630,47672.0,1900.0,1813.0,266.0
万家,passive_equity,20241231,178.0,0.0,0.0,0.0
万家,passive_equity,20250331,164.0,0.0,0.0,0.0
万家,passive_equity,20250630,150.0,10.0,-17.0,-21.0
上银,passive_equity,20241231,3.9134,0.0,0.0,0.0
上银,passive_equity,20250331,3.9134,0.0,0.0,0.0
上银,passive_equity,20250630,3.9134,0.0,0.0,0.0
东兴,passive_equity,20241231,0.4382,0.0,0.0,0.0
东兴,passive_equity,20250331,0.4382,0.0,0.0,0.0
东兴,passive_equity,20250630,0.4382,0.0,0.0,0.0
东吴,passive_equity,20241231,0.4431,0.0,0.0,0.0
东吴,passive_equity,20250331,0.4431,0.0,0.0,0.0
东吴,passive_equity,20250630,0.4431,0.0,0.0,0.0
东方,passive_equity,20241231,5.6913,0.0,0.0,0.0
东方,passive_equity,20250331,5.6913,0.0,0.0,0.0
东方,passive_equity,20250630,5.6913,0.0,0.0,0.0
东方红,passive_equity,20241231,72.9033,0.0,0.0,0.0
东方红,passive_equity,20250331,72.9033,0.0,0.0,0.0
东方红,passive_equity,20250630,72.9033,0.0,0.0,0.0
东海,passive_equity,20241231,0.1445,0.0,0.0,0.0
东海,passive_equity,20250331,0.1445,0.0,0.0,0.0
东海,passive_equity,20250630,0.1445,0.0,0.0,0.0
中信保诚,passive_equity,20241231,34.4244,0.0,0.0,0.0
中信保诚,passive_equity,20250331,34.4244,0.0,0.0,0.0
中信保诚,passive_equity,20250630,34.4244,0.0,0.0,0.0
中信建投,passive_equity,20241231,12.6943,0.0,0.0,0.0
中信建投,passive_equity,20250331,12.6943,0.0,0.0,0.0
中信建投,passive_equity,20250630,12.6943,0.0,0.0,0.0
中加,passive_equity,20241231,1.6489,0.0,0.0,0.0
中加,passive_equity,20250331,1.6489,0.0,0.0,0.0
中加,passive_equity,20250630,1.6489,0.0,0.0,0.0
中欧,passive_equity,20241231,102.1981,0.0,0.0,0.0
中欧,passive_equity,20250331,102.1981,0.0,0.0,0.0
中欧,passive_equity,20250630,102.1981,0.0,0.0,0.0
中泰证券资管,passive_equity,20241231,5.5359,0.0,0.0,0.0
中泰证券资管,passive_equity,20250331,5.5359,0.0,0.0,0.0
中泰证券资管,passive_equity,20250630,5.5359,0.0,0.0,0.0
中海,passive_equity,20241231,7.3102,0.0,0.0,0.0
中海,passive_equity,20250331,7.3102,0.0,0.0,0.0
中海,passive_equity,20250630,7.3102,0.0,0.0,0.0
中航,passive_equity,20241231,0.6631,0.0,0.0,0.0
中航,passive_equity,20250331,0.6631,0.0,0.0,0.0
中航,passive_equity,20250630,0.6631,0.0,0.0,0.0
中邮,passive_equity,20241231,0.6244,0.0,0.0,0.0
中邮,passive_equity,20250331,0.6244,0.0,0.0,0.0
中邮,passive_equity,20250630,0.6244,0.0,0.0,0.0
中金,passive_equity,20241231,68.446,0.0,0.0,0.0
中金,passive_equity,20250331,68.446,0.0,0.0,0.0
中金,passive_equity,20250630,68.446,0.0,0.0,0.0
中银,passive_equity,20241231,32.5978,0.0,0.0,0.0
中银,passive_equity,20250331,32.5978,0.0,0.0,0.0
中银,passive_equity,20250630,32.5978,0.0,0.0,0.0
中银证券,passive_equity,20241231,2.8711,0.0,0.0,0.0
中银证券,passive_equity,20250331,2.8711,0.0,0.0,0.0
中银证券,passive_equity,20250630,2.8711,0.0,0.0,0.0
交银施罗德,passive_equity,20241231,137.0,0.0,0.0,0.0
交银施罗德,passive_equity,20250331,137.5,0.0,0.0,0.0
交银施罗德,passive_equity,20250630,138.0,10.0,-1.0,-9.0
人保资产,passive_equity,20241231,23.4325,0.0,0.0,0.0
人保资产,passive_equity,20250331,23.4325,0.0,0.0,0.0
人保资产,passive_equity,20250630,23.4325,0.0,0.0,0.0
光大保德信,passive_equity,20241231,12.2668,0.0,0.0,0.0
光大保德信,passive_equity,20250331,12.2668,0.0,0.0,0.0
光大保德信,passive_equity,20250630,12.2668,0.0,0.0,0.0
兴业,passive_equity,20241231,24.5501,0.0,0.0,0.0
兴业,passive_equity,20250331,24.5501,0.0,0.0,0.0
兴业,passive_equity,20250630,24.5501,0.0,0.0,0.0
兴证全球,passive_equity,20241231,68.0,0.0,0.0,0.0
兴证全球,passive_equity,20250331,72.5,0.0,0.0,0.0
兴证全球,passive_equity,20250630,77.0,0.0,2.0,7.0
兴银,passive_equity,20241231,23.5438,0.0,0.0,0.0
兴银,passive_equity,20250331,23.5438,0.0,0.0,0.0
兴银,passive_equity,20250630,23.5438,0.0,0.0,0.0
农银汇理,passive_equity,20241231,20.981,0.0,0.0,0.0
农银汇理,passive_equity,20250331,20.981,0.0,0.0,0.0
农银汇理,passive_equity,20250630,20.981,0.0,0.0,0.0
创金合信,passive_equity,20241231,40.0,0.0,0.0,0.0
创金合信,passive_equity,20250331,50.0,0.0,0.0,0.0
创金合信,passive_equity,20250630,60.0,0.0,2.0,18.0
前海开源,passive_equity,20241231,44.8812,0.0,0.0,0.0
前海开源,passive_equity,20250331,44.8812,0.0,0.0,0.0
前海开源,passive_equity,20250630,44.8812,0.0,0.0,0.0
华商,passive_equity,20241231,26.1989,0.0,0.0,0.0
华商,passive_equity,20250331,26.1989,0.0,0.0,0.0
华商,passive_equity,20250630,26.1989,0.0,0.0,0.0
华夏,passive_equity,20241231,4710.0,0.0,0.0,0.0
华夏,passive_equity,20250331,5078.5,0.0,0.0,0.0
华夏,passive_equity,20250630,5447.0,33.0,-230.0,934.0
华安,passive_equity,20241231,657.0,0.0,0.0,0.0
华安,passive_equity,20250331,669.0,0.0,0.0,0.0
华安,passive_equity,20250630,681.0,4.0,-3.0,24.0
华宝,passive_equity,20241231,868.0,0.0,0.0,0.0
华宝,passive_equity,20250331,837.5,0.0,0.0,0.0
华宝,passive_equity,20250630,807.0,16.0,-106.0,30.0
华富,passive_equity,20241231,57.6404,0.0,0.0,0.0
华富,passive_equity,20250331,57.6404,0.0,0.0,0.0
华富,passive_equity,20250630,57.6404,0.0,0.0,0.0
华泰保兴,passive_equity,20241231,3.2947,0.0,0.0,0.0
华泰保兴,passive_equity,20250331,3.2947,0.0,0.0,0.0
华泰保兴,passive_equity,20250630,3.2947,0.0,0.0,0.0
华泰柏瑞,passive_equity,20241231,2030.0,0.0,0.0,0.0
华泰柏瑞,passive_equity,20250331,2467.0,0.0,0.0,0.0
华泰柏瑞,passive_equity,20250630,2904.0,27.0,1.0,848.0
华泰证券资管,passive_equity,20241231,2.914,0.0,0.0,0.0
华泰证券资管,passive_equity,20250331,2.914,0.0,0.0,0.0
华泰证券资管,passive_equity,20250630,2.914,0.0,0.0,0.0
华润元大,passive_equity,20241231,1.518,0.0,0.0,0.0
华润元大,passive_equity,20250331,1.518,0.0,0.0,0.0
华润元大,passive_equity,20250630,1.518,0.0,0.0,0.0
南华,passive_equity,20241231,0.5595,0.0,0.0,0.0
南华,passive_equity,20250331,0.5595,0.0,0.0,0.0
南华,passive_equity,20250630,0.5595,0.0,0.0,0.0
南方,passive_equity,20241231,1297.0,0.0,0.0,0.0
南方,passive_equity,20250331,1532.0,0.0,0.0,0.0
南方,passive_equity,20250630,1767.0,34.0,-107.0,542.0
博时,passive_equity,20241231,742.0,0.0,0.0,0.0
博时,passive_equity,20250331,759.5,0.0,0.0,0.0
博时,passive_equity,20250630,777.0,19.0,-44.0,59.0
博道,passive_equity,20241231,56.2711,0.0,0.0,0.0
博道,passive_equity,20250331,56.2711,0.0,0.0,0.0
博道,passive_equity,20250630,56.2711,0.0,0.0,0.0
合煦智远,passive_equity,20241231,1.0642,0.0,0.0,0.0
合煦智远,passive_equity,20250331,1.0642,0.0,0.0,0.0
合煦智远,passive_equity,20250630,1.0642,0.0,0.0,0.0
同泰,passive_equity,20241231,0.3852,0.0,0.0,0.0
同泰,passive_equity,20250331,0.3852,0.0,0.0,0.0
同泰,passive_equity,20250630,0.3852,0.0,0.0,0.0
嘉实,passive_equity,20241231,1097.0,0.0,0.0,0.0
嘉实,passive_equity,20250331,1420.5,0.0,0.0,0.0
嘉实,passive_equity,20250630,1744.0,28.0,-20.0,639.0
国寿安保,passive_equity,20241231,73.1513,0.0,0.0,0.0
国寿安保,passive_equity,20250331,73.1513,0.0,0.0,0.0
国寿安保,passive_equity,20250630,73.1513,0.0,0.0,0.0
国投瑞银,passive_equity,20241231,50.8926,0.0,0.0,0.0
国投瑞银,passive_equity,20250331,50.8926,0.0,0.0,0.0
国投瑞银,passive_equity,20250630,50.8926,0.0,0.0,0.0
国泰,passive_equity,20241231,1409.0,0.0,0.0,0.0
国泰,passive_equity,20250331,1354.5,0.0,0.0,0.0
国泰,passive_equity,20250630,1300.0,5.0,-117.0,2.0
国泰君安资管,passive_equity,20241231,68.8873,0.0,0.0,0.0
国泰君安资管,passive_equity,20250331,68.8873,0.0,0.0,0.0
国泰君安资管,passive_equity,20250630,68.8873,0.0,0.0,0.0
国海富兰克林,passive_equity,20241231,4.5079,0.0,0.0,0.0
国海富兰克林,passive_equity,20250331,4.5079,0.0,0.0,0.0
国海富兰克林,passive_equity,20250630,4.5079,0.0,0.0,0.0
国联,passive_equity,20241231,21.4667,0.0,0.0,0.0
国联,passive_equity,20250331,21.4667,0.0,0.0,0.0
国联,passive_equity,20250630,21.4667,0.0,0.0,0.0
国联安,passive_equity,20241231,377.0,0.0,0.0,0.0
国联安,passive_equity,20250331,386.0,0.0,0.0,0.0
国联安,passive_equity,20250630,395.0,3.0,-40.0,55.0
国金,passive_equity,20241231,18.2871,0.0,0.0,0.0
国金,passive_equity,20250331,18.2871,0.0,0.0,0.0
国金,passive_equity,20250630,18.2871,0.0,0.0,0.0
圆信永丰,passive_equity,20241231,1.0186,0.0,0.0,0.0
圆信永丰,passive_equity,20250331,1.0186,0.0,0.0,0.0
圆信永丰,passive_equity,20250630,1.0186,0.0,0.0,0.0
大成,passive_equity,20241231,187.0,0.0,0.0,0.0
大成,passive_equity,20250331,224.0,0.0,0.0,0.0
大成,passive_equity,20250630,261.0,35.0,2.0,37.0
天弘,passive_equity,20241231,1226.0,0.0,0.0,0.0
天弘,passive_equity,20250331,1209.0,0.0,0.0,0.0
天弘,passive_equity,20250630,1192.0,3.0,-85.0,49.0
太平,passive_equity,20241231,14.7686,0.0,0.0,0.0
太平,passive_equity,20250331,14.7686,0.0,0.0,0.0
太平,passive_equity,20250630,14.7686,0.0,0.0,0.0
安信,passive_equity,20241231,16.7277,0.0,0.0,0.0
安信,passive_equity,20250331,16.7277,0.0,0.0,0.0
安信,passive_equity,20250630,16.7277,0.0,0.0,0.0
宏利,passive_equity,20241231,29.529,0.0,0.0,0.0
宏利,passive_equity,20250331,29.529,0.0,0.0,0.0
宏利,passive_equity,20250630,29.529,0.0,0.0,0.0
宝盈,passive_equity,20241231,12.9432,0.0,0.0,0.0
宝盈,passive_equity,20250331,12.9432,0.0,0.0,0.0
宝盈,passive_equity,20250630,12.9432,0.0,0.0,0.0
富国,passive_equity,20241231,1142.0,0.0,0.0,0.0
富国,passive_equity,20250331,1180.0,0.0,0.0,0.0
富国,passive_equity,20250630,1218.0,53.0,-47.0,93.0
富安达,passive_equity,20241231,3.164,0.0,0.0,0.0
富安达,passive_equity,20250331,3.164,0.0,0.0,0.0
富安达,passive_equity,20250630,3.164,0.0,0.0,0.0
富荣,passive_equity,20241231,12.4933,0.0,0.0,0.0
富荣,passive_equity,20250331,12.4933,0.0,0.0,0.0
富荣,passive_equity,20250630,12.4933,0.0,0.0,0.0
工银瑞信,passive_equity,20241231,294.0,0.0,0.0,0.0
工银瑞信,passive_equity,20250331,324.5,0.0,0.0,0.0
工银瑞信,passive_equity,20250630,355.0,36.0,-21.0,46.0
平安,passive_equity,20241231,140.0,0.0,0.0,0.0
平安,passive_equity,20250331,154.5,0.0,0.0,0.0
平安,passive_equity,20250630,169.0,37.0,-17.0,9.0
广发,passive_equity,20241231,1468.0,0.0,0.0,0.0
广发,passive_equity,20250331,1488.0,0.0,0.0,0.0
广发,passive_equity,20250630,1508.0,31.0,-55.0,64.0
建信,passive_equity,20241231,121.0,0.0,0.0,0.0
建信,passive_equity,20250331,123.0,0.0,0.0,0.0
建信,passive_equity,20250630,125.0,0.0,-3.0,7.0
弘毅远方,passive_equity,20241231,2.8083,0.0,0.0,0.0
弘毅远方,passive_equity,20250331,2.8083,0.0,0.0,0.0
弘毅远方,passive_equity,20250630,2.8083,0.0,0.0,0.0
招商,passive_equity,20241231,978.0,0.0,0.0,0.0
招商,passive_equity,20250331,908.5,0.0,0.0,0.0
招商,passive_equity,20250630,839.0,10.0,-129.0,-19.0
招商资管,passive_equity,20241231,0.5502,0.0,0.0,0.0
招商资管,passive_equity,20250331,0.5502,0.0,0.0,0.0
招商资管,passive_equity,20250630,0.5502,0.0,0.0,0.0
摩根,passive_equity,20241231,30.0,0.0,0.0,0.0
摩根,passive_equity,20250331,64.0,0.0,0.0,0.0
摩根,passive_equity,20250630,98.0,20.0,2.0,46.0
摩根士丹利,passive_equity,20241231,0.5393,0.0,0.0,0.0
摩根士丹利,passive_equity,20250331,0.5393,0.0,0.0,0.0
摩根士丹利,passive_equity,20250630,0.5393,0.0,0.0,0.0
新华,passive_equity,20241231,7.1957,0.0,0.0,0.0
新华,passive_equity,20250331,7.1957,0.0,0.0,0.0
新华,passive_equity,20250630,7.1957,0.0,0.0,0.0
方正富邦,passive_equity,20241231,40.4778,0.0,0.0,0.0
方正富邦,passive_equity,20250331,40.4778,0.0,0.0,0.0
方正富邦,passive_equity,20250630,40.4778,0.0,0.0,0.0
明亚,passive_equity,20241231,0.1015,0.0,0.0,0.0
明亚,passive_equity,20250331,0.1015,0.0,0.0,0.0
明亚,passive_equity,20250630,0.1015,0.0,0.0,0.0
易方达,passive_equity,20241231,3493.0,0.0,0.0,0.0
易方达,passive_equity,20250331,4054.5,0.0,0.0,0.0
易方达,passive_equity,20250630,4616.0,62.0,-129.0,1190.0
易米,passive_equity,20241231,0.3472,0.0,0.0,0.0
易米,passive_equity,20250331,0.3472,0.0,0.0,0.0
易米,passive_equity,20250630,0.3472,0.0,0.0,0.0
景顺长城,passive_equity,20241231,256.0,0.0,0.0,0.0
景顺长城,passive_equity,20250331,310.0,0.0,0.0,0.0
景顺长城,passive_equity,20250630,364.0,22.0,4.0,83.0
民生加银,passive_equity,20241231,7.93,0.0,0.0,0.0
民生加银,passive_equity,20250331,7.93,0.0,0.0,0.0
民生加银,passive_equity,20250630,7.93,0.0,0.0,0.0
永赢,passive_equity,20241231,144.8012,0.0,0.0,0.0
永赢,passive_equity,20250331,144.8012,0.0,0.0,0.0
永赢,passive_equity,20250630,144.8012,0.0,0.0,0.0
汇丰晋信,passive_equity,20241231,2.703,0.0,0.0,0.0
汇丰晋信,passive_equity,20250331,2.703,0.0,0.0,0.0
汇丰晋信,passive_equity,20250630,2.703,0.0,0.0,0.0
汇安,passive_equity,20241231,6.4981,0.0,0.0,0.0
汇安,passive_equity,20250331,6.4981,0.0,0.0,0.0
汇安,passive_equity,20250630,6.4981,0.0,0.0,0.0
汇添富,passive_equity,20241231,874.0,0.0,0.0,0.0
汇添富,passive_equity,20250331,851.5,0.0,0.0,0.0
汇添富,passive_equity,20250630,829.0,28.0,-53.0,-20.0
泓德,passive_equity,20241231,2.0847,0.0,0.0,0.0
泓德,passive_equity,20250331,2.0847,0.0,0.0,0.0
泓德,passive_equity,20250630,2.0847,0.0,0.0,0.0
泰信,passive_equity,20241231,0.1122,0.0,0.0,0.0
泰信,passive_equity,20250331,0.1122,0.0,0.0,0.0
泰信,passive_equity,20250630,0.1122,0.0,0.0,0.0
泰康,passive_equity,20241231,171.9892,0.0,0.0,0.0
泰康,passive_equity,20250331,171.9892,0.0,0.0,0.0
泰康,passive_equity,20250630,171.9892,0.0,0.0,0.0
浙商,passive_equity,20241231,7.5188,0.0,0.0,0.0
浙商,passive_equity,20250331,7.5188,0.0,0.0,0.0
浙商,passive_equity,20250630,7.5188,0.0,0.0,0.0
浙商资管,passive_equity,20241231,5.307,0.0,0.0,0.0
浙商资管,passive_equity,20250331,5.307,0.0,0.0,0.0
浙商资管,passive_equity,20250630,5.307,0.0,0.0,0.0
浦银安盛,passive_equity,20241231,29.518,0.0,0.0,0.0
浦银安盛,passive_equity,20250331,29.518,0.0,0.0,0.0
浦银安盛,passive_equity,20250630,29.518,0.0,0.0,0.0
海富通,passive_equity,20241231,77.0375,0.0,0.0,0.0
海富通,passive_equity,20250331,77.0375,0.0,0.0,0.0
海富通,passive_equity,20250630,77.0375,0.0,0.0,0.0
申万菱信,passive_equity,20241231,99.0,0.0,0.0,0.0
申万菱信,passive_equity,20250331,100.5,0.0,0.0,0.0
申万菱信,passive_equity,20250630,102.0,0.0,-3.0,7.0
苏新,passive_equity,20241231,9.6276,0.0,0.0,0.0
苏新,passive_equity,20250331,9.6276,0.0,0.0,0.0
苏新,passive_equity,20250630,9.6276,0.0,0.0,0.0
英大,passive_equity,20241231,0.5219,0.0,0.0,0.0
英大,passive_equity,20250331,0.5219,0.0,0.0,0.0
英大,passive_equity,20250630,0.5219,0.0,0.0,0.0
融通,passive_equity,20241231,73.0,0.0,0.0,0.0
融通,passive_equity,20250331,71.0,0.0,0.0,0.0
融通,passive_equity,20250630,69.0,0.0,-3.0,0.0
西藏东财,passive_equity,20241231,126.2177,0.0,0.0,0.0
西藏东财,passive_equity,20250331,126.2177,0.0,0.0,0.0
西藏东财,passive_equity,20250630,126.2177,0.0,0.0,0.0
西部利得,passive_equity,20241231,85.0,0.0,0.0,0.0
西部利得,passive_equity,20250331,75.5,0.0,0.0,0.0
西部利得,passive_equity,20250630,66.0,0.0,-6.0,-12.0
诺安,passive_equity,20241231,25.1089,0.0,0.0,0.0
诺安,passive_equity,20250331,25.1089,0.0,0.0,0.0
诺安,passive_equity,20250630,25.1089,0.0,0.0,0.0
诺德,passive_equity,20241231,3.6377,0.0,0.0,0.0
诺德,passive_equity,20250331,3.6377,0.0,0.0,0.0
诺德,passive_equity,20250630,3.6377,0.0,0.0,0.0
贝莱德,passive_equity,20241231,7.1258,0.0,0.0,0.0
贝莱德,passive_equity,20250331,7.1258,0.0,0.0,0.0
贝莱德,passive_equity,20250630,7.1258,0.0,0.0,0.0
财通,passive_equity,20241231,9.6933,0.0,0.0,0.0
财通,passive_equity,20250331,9.6933,0.0,0.0,0.0
财通,passive_equity,20250630,9.6933,0.0,0.0,0.0
财通证券资管,passive_equity,20241231,0.1111,0.0,0.0,0.0
财通证券资管,passive_equity,20250331,0.1111,0.0,0.0,0.0
财通证券资管,passive_equity,20250630,0.1111,0.0,0.0,0.0
路博迈,passive_equity,20241231,13.9731,0.0,0.0,0.0
路博迈,passive_equity,20250331,13.9731,0.0,0.0,0.0
路博迈,passive_equity,20250630,13.9731,0.0,0.0,0.0
金鹰,passive_equity,20241231,3.1165,0.0,0.0,0.0
金鹰,passive_equity,20250331,3.1165,0.0,0.0,0.0
金鹰,passive_equity,20250630,3.1165,0.0,0.0,0.0
鑫元,passive_equity,20241231,3.7862,0.0,0.0,0.0
鑫元,passive_equity,20250331,3.7862,0.0,0.0,0.0
鑫元,passive_equity,20250630,3.7862,0.0,0.0,0.0
银华,passive_equity,20241231,273.0,0.0,0.0,0.0
银华,passive_equity,20250331,276.5,0.0,0.0,0.0
银华,passive_equity,20250630,280.0,48.0,-35.0,-5.0
银河,passive_equity,20241231,41.3009,0.0,0.0,0.0
银河,passive_equity,20250331,41.3009,0.0,0.0,0.0
银河,passive_equity,20250630,41.3009,0.0,0.0,0.0
长信,passive_equity,20241231,19.8438,0.0,0.0,0.0
长信,passive_equity,20250331,19.8438,0.0,0.0,0.0
长信,passive_equity,20250630,19.8438,0.0,0.0,0.0
长城,passive_equity,20241231,42.17,0.0,0.0,0.0
长城,passive_equity,20250331,42.17,0.0,0.0,0.0
长城,passive_equity,20250630,42.17,0.0,0.0,0.0
长安,passive_equity,20241231,0.1899,0.0,0.0,0.0
长安,passive_equity,20250331,0.1899,0.0,0.0,0.0
长安,passive_equity,20250630,0.1899,0.0,0.0,0.0
长江资管,passive_equity,20241231,1.3095,0.0,0.0,0.0
长江资管,passive_equity,20250331,1.3095,0.0,0.0,0.0
长江资管,passive_equity,20250630,1.3095,0.0,0.0,0.0
长盛,passive_equity,20241231,16.0561,0.0,0.0,0.0
长盛,passive_equity,20250331,16.0561,0.0,0.0,0.0
长盛,passive_equity,20250630,16.0561,0.0,0.0,0.0
鹏华,passive_equity,20241231,633.0,0.0,0.0,0.0
鹏华,passive_equity,20250331,601.0,0.0,0.0,0.0
鹏华,passive_equity,20250630,569.0,18.0,-76.0,-5.0
鹏扬,passive_equity,20241231,61.5251,0.0,0.0,0.0
鹏扬,passive_equity,20250331,61.5251,0.0,0.0,0.0
鹏扬,passive_equity,20250630,61.5251,0.0,0.0,0.0
万家,passive_equity_etf_no_link,20241231,53.0,0.0,0.0,0.0
万家,passive_equity_etf_no_link,20250331,62.0,0.0,0.0,0.0
万家,passive_equity_etf_no_link,20250630,71.0,22.0,4.0,-9.0
华夏,passive_equity_etf_no_link,20241231,5793.0,0.0,0.0,0.0
华夏,passive_equity_etf_no_link,20250331,6123.5,0.0,0.0,0.0
华夏,passive_equity_etf_no_link,20250630,6454.0,47.0,257.0,357.0
华安,passive_equity_etf_no_link,20241231,626.0,0.0,0.0,0.0
华安,passive_equity_etf_no_link,20250331,616.0,0.0,0.0,0.0
华安,passive_equity_etf_no_link,20250630,606.0,13.0,18.0,-51.0
华宝,passive_equity_etf_no_link,20241231,641.0,0.0,0.0,0.0
华宝,passive_equity_etf_no_link,20250331,679.0,0.0,0.0,0.0
华宝,passive_equity_etf_no_link,20250630,717.0,20.0,24.0,32.0
华富,passive_equity_etf_no_link,20241231,17.0,0.0,0.0,0.0
华富,passive_equity_etf_no_link,20250331,23.5,0.0,0.0,0.0
华富,passive_equity_etf_no_link,20250630,30.0,7.0,2.0,5.0
华泰柏瑞,passive_equity_etf_no_link,20241231,4567.0,0.0,0.0,0.0
华泰柏瑞,passive_equity_etf_no_link,20250331,4669.0,0.0,0.0,0.0
华泰柏瑞,passive_equity_etf_no_link,20250630,4771.0,30.0,90.0,84.0
南方,passive_equity_etf_no_link,20241231,2084.0,0.0,0.0,0.0
南方,passive_equity_etf_no_link,20250331,2161.5,0.0,0.0,0.0
南方,passive_equity_etf_no_link,20250630,2239.0,56.0,100.0,-1.0
博时,passive_equity_etf_no_link,20241231,518.0,0.0,0.0,0.0
博时,passive_equity_etf_no_link,20250331,529.0,0.0,0.0,0.0
博时,passive_equity_etf_no_link,20250630,540.0,33.0,79.0,-90.0
嘉实,passive_equity_etf_no_link,20241231,2115.0,0.0,0.0,0.0
嘉实,passive_equity_etf_no_link,20250331,2234.5,0.0,0.0,0.0
嘉实,passive_equity_etf_no_link,20250630,2354.0,42.0,49.0,149.0
国寿安保,passive_equity_etf_no_link,20241231,23.0,0.0,0.0,0.0
国寿安保,passive_equity_etf_no_link,20250331,22.5,0.0,0.0,0.0
国寿安保,passive_equity_etf_no_link,20250630,22.0,0.0,1.0,-2.0
国泰,passive_equity_etf_no_link,20241231,1245.0,0.0,0.0,0.0
国泰,passive_equity_etf_no_link,20250331,1261.0,0.0,0.0,0.0
国泰,passive_equity_etf_no_link,20250630,1277.0,46.0,38.0,-52.0
国联安,passive_equity_etf_no_link,20241231,233.0,0.0,0.0,0.0
国联安,passive_equity_etf_no_link,20250331,231.5,0.0,0.0,0.0
国联安,passive_equity_etf_no_link,20250630,230.0,3.0,8.0,-14.0
大成,passive_equity_etf_no_link,20241231,139.0,0.0,0.0,0.0
大成,passive_equity_etf_no_link,20250331,134.5,0.0,0.0,0.0
大成,passive_equity_etf_no_link,20250630,130.0,15.0,10.0,-34.0
天弘,passive_equity_etf_no_link,20241231,189.0,0.0,0.0,0.0
天弘,passive_equity_etf_no_link,20250331,203.0,0.0,0.0,0.0
天弘,passive_equity_etf_no_link,20250630,217.0,26.0,1.0,-1.0
富国,passive_equity_etf_no_link,20241231,808.0,0.0,0.0,0.0
富国,passive_equity_etf_no_link,20250331,946.5,0.0,0.0,0.0
富国,passive_equity_etf_no_link,20250630,1085.0,58.0,77.0,143.0
工银瑞信,passive_equity_etf_no_link,20241231,394.0,0.0,0.0,0.0
工银瑞信,passive_equity_etf_no_link,20250331,471.5,0.0,0.0,0.0
工银瑞信,passive_equity_etf_no_link,20250630,549.0,49.0,35.0,71.0
平安,passive_equity_etf_no_link,20241231,144.0,0.0,0.0,0.0
平安,passive_equity_etf_no_link,20250331,145.5,0.0,0.0,0.0
平安,passive_equity_etf_no_link,20250630,147.0,30.0,6.0,-32.0
广发,passive_equity_etf_no_link,20241231,921.0,0.0,0.0,0.0
广发,passive_equity_etf_no_link,20250331,1050.5,0.0,0.0,0.0
广发,passive_equity_etf_no_link,20250630,1180.0,24.0,99.0,136.0
建信,passive_equity_etf_no_link,20241231,14.0,0.0,0.0,0.0
建信,passive_equity_etf_no_link,20250331,23.0,0.0,0.0,0.0
建信,passive_equity_etf_no_link,20250630,32.0,34.0,0.0,-16.0
招商,passive_equity_etf_no_link,20241231,324.0,0.0,0.0,0.0
招商,passive_equity_etf_no_link,20250331,291.0,0.0,0.0,0.0
招商,passive_equity_etf_no_link,20250630,258.0,36.0,7.0,-109.0
摩根,passive_equity_etf_no_link,20241231,212.0,0.0,0.0,0.0
摩根,passive_equity_etf_no_link,20250331,207.0,0.0,0.0,0.0
摩根,passive_equity_etf_no_link,20250630,202.0,20.0,11.0,-40.0
易方达,passive_equity_etf_no_link,20241231,4906.0,0.0,0.0,0.0
易方达,passive_equity_etf_no_link,20250331,5063.0,0.0,0.0,0.0
易方达,passive_equity_etf_no_link,20250630,5220.0,47.0,178.0,89.0
景顺长城,passive_equity_etf_no_link,20241231,443.0,0.0,0.0,0.0
景顺长城,passive_equity_etf_no_link,20250331,453.5,0.0,0.0,0.0
景顺长城,passive_equity_etf_no_link,20250630,464.0,22.0,28.0,-29.0
永赢,passive_equity_etf_no_link,20241231,36.0,0.0,0.0,0.0
永赢,passive_equity_etf_no_link,20250331,61.5,0.0,0.0,0.0
永赢,passive_equity_etf_no_link,20250630,87.0,18.0,7.0,26.0
汇添富,passive_equity_etf_no_link,20241231,459.0,0.0,0.0,0.0
汇添富,passive_equity_etf_no_link,20250331,508.5,0.0,0.0,0.0
汇添富,passive_equity_etf_no_link,20250630,558.0,44.0,9.0,45.0
泰康,passive_equity_etf_no_link,20241231,85.0,0.0,0.0,0.0
泰康,passive_equity_etf_no_link,20250331,74.0,0.0,0.0,0.0
泰康,passive_equity_etf_no_link,20250630,63.0,0.0,1.0,-23.0
海富通,passive_equity_etf_no_link,20241231,10.0,0.0,0.0,0.0
海富通,passive_equity_etf_no_link,20250331,17.5,0.0,0.0,0.0
海富通,passive_equity_etf_no_link,20250630,25.0,19.0,3.0,-7.0
西藏东财,passive_equity_etf_no_link,20241231,36.0,0.0,0.0,0.0
西藏东财,passive_equity_etf_no_link,20250331,46.0,0.0,0.0,0.0
西藏东财,passive_equity_etf_no_link,20250630,56.0,12.0,2.0,6.0
银华,passive_equity_etf_no_link,20241231,399.0,0.0,0.0,0.0
银华,passive_equity_etf_no_link,20250331,381.5,0.0,0.0,0.0
银华,passive_equity_etf_no_link,20250630,364.0,11.0,24.0,-71.0
鹏华,passive_equity_etf_no_link,20241231,413.0,0.0,0.0,0.0
鹏华,passive_equity_etf_no_link,20250331,440.0,0.0,0.0,0.0
鹏华,passive_equity_etf_no_link,20250630,467.0,43.0,7.0,4.0
万家,passive_equity_etf_with_link,20241231,79.0,0.0,0.0,0.0
万家,passive_equity_etf_with_link,20250331,98.0,0.0,0.0,0.0
万家,passive_equity_etf_with_link,20250630,117.0,22.0,4.0,13.0
华夏,passive_equity_etf_with_link,20241231,6527.0,0.0,0.0,0.0
华夏,passive_equity_etf_with_link,20250331,6875.5,0.0,0.0,0.0
华夏,passive_equity_etf_with_link,20250630,7224.0,47.0,302.0,349.0
华安,passive_equity_etf_with_link,20241231,772.0,0.0,0.0,0.0
华安,passive_equity_etf_with_link,20250331,763.5,0.0,0.0,0.0
华安,passive_equity_etf_with_link,20250630,755.0,13.0,26.0,-55.0
华宝,passive_equity_etf_with_link,20241231,818.0,0.0,0.0,0.0
华宝,passive_equity_etf_with_link,20250331,855.0,0.0,0.0,0.0
华宝,passive_equity_etf_with_link,20250630,892.0,20.0,28.0,25.0
华富,passive_equity_etf_with_link,20241231,20.0,0.0,0.0,0.0
华富,passive_equity_etf_with_link,20250331,31.0,0.0,0.0,0.0
华富,passive_equity_etf_with_link,20250630,42.0,7.0,2.0,13.0
华泰柏瑞,passive_equity_etf_with_link,20241231,4705.0,0.0,0.0,0.0
华泰柏瑞,passive_equity_etf_with_link,20250331,4852.5,0.0,0.0,0.0
华泰柏瑞,passive_equity_etf_with_link,20250630,5000.0,30.0,96.0,168.0
南方,passive_equity_etf_with_link,20241231,2424.0,0.0,0.0,0.0
南方,passive_equity_etf_with_link,20250331,2537.0,0.0,0.0,0.0
南方,passive_equity_etf_with_link,20250630,2650.0,56.0,109.0,62.0
博时,passive_equity_etf_with_link,20241231,683.0,0.0,0.0,0.0
博时,passive_equity_etf_with_link,20250331,718.0,0.0,0.0,0.0
博时,passive_equity_etf_with_link,20250630,753.0,33.0,95.0,-57.0
嘉实,passive_equity_etf_with_link,20241231,2352.0,0.0,0.0,0.0
嘉实,passive_equity_etf_with_link,20250331,2495.5,0.0,0.0,0.0
嘉实,passive_equity_etf_with_link,20250630,2639.0,42.0,59.0,186.0
国寿安保,passive_equity_etf_with_link,20241231,47.0,0.0,0.0,0.0
国寿安保,passive_equity_etf_with_link,20250331,47.0,0.0,0.0,0.0
国寿安保,passive_equity_etf_with_link,20250630,47.0,0.0,2.0,-2.0
国泰,passive_equity_etf_with_link,20241231,1365.0,0.0,0.0,0.0
国泰,passive_equity_etf_with_link,20250331,1390.0,0.0,0.0,0.0
国泰,passive_equity_etf_with_link,20250630,1415.0,46.0,43.0,-39.0
国联安,passive_equity_etf_with_link,20241231,329.0,0.0,0.0,0.0
国联安,passive_equity_etf_with_link,20250331,325.5,0.0,0.0,0.0
国联安,passive_equity_etf_with_link,20250630,322.0,3.0,11.0,-20.0
大成,passive_equity_etf_with_link,20241231,199.0,0.0,0.0,0.0
大成,passive_equity_etf_with_link,20250331,206.5,0.0,0.0,0.0
大成,passive_equity_etf_with_link,20250630,214.0,15.0,13.0,-13.0
天弘,passive_equity_etf_with_link,20241231,620.0,0.0,0.0,0.0
天弘,passive_equity_etf_with_link,20250331,644.0,0.0,0.0,0.0
天弘,passive_equity_etf_with_link,20250630,668.0,26.0,8.0,14.0
富国,passive_equity_etf_with_link,20241231,924.0,0.0,0.0,0.0
富国,passive_equity_etf_with_link,20250331,1099.5,0.0,0.0,0.0
富国,passive_equity_etf_with_link,20250630,1275.0,58.0,88.0,205.0
工银瑞信,passive_equity_etf_with_link,20241231,456.0,0.0,0.0,0.0
工银瑞信,passive_equity_etf_with_link,20250331,544.0,0.0,0.0,0.0
工银瑞信,passive_equity_etf_with_link,20250630,632.0,49.0,35.0,91.0
平安,passive_equity_etf_with_link,20241231,181.0,0.0,0.0,0.0
平安,passive_equity_etf_with_link,20250331,184.5,0.0,0.0,0.0
平安,passive_equity_etf_with_link,20250630,188.0,30.0,7.0,-30.0
广发,passive_equity_etf_with_link,20241231,1396.0,0.0,0.0,0.0
广发,passive_equity_etf_with_link,20250331,1573.5,0.0,0.0,0.0
广发,passive_equity_etf_with_link,20250630,1751.0,24.0,122.0,209.0
建信,passive_equity_etf_with_link,20241231,22.0,0.0,0.0,0.0
建信,passive_equity_etf_with_link,20250331,31.0,0.0,0.0,0.0
建信,passive_equity_etf_with_link,20250630,40.0,34.0,0.0,-17.0
招商,passive_equity_etf_with_link,20241231,368.0,0.0,0.0,0.0
招商,passive_equity_etf_with_link,20250331,359.5,0.0,0.0,0.0
招商,passive_equity_etf_with_link,20250630,351.0,36.0,9.0,-61.0
摩根,passive_equity_etf_with_link,20241231,218.0,0.0,0.0,0.0
摩根,passive_equity_etf_with_link,20250331,226.0,0.0,0.0,0.0
摩根,passive_equity_etf_with_link,20250630,234.0,20.0,11.0,-15.0
易方达,passive_equity_etf_with_link,20241231,5760.0,0.0,0.0,0.0
易方达,passive_equity_etf_with_link,20250331,5977.0,0.0,0.0,0.0
易方达,passive_equity_etf_with_link,20250630,6194.0,47.0,218.0,168.0
景顺长城,passive_equity_etf_with_link,20241231,485.0,0.0,0.0,0.0
景顺长城,passive_equity_etf_with_link,20250331,532.0,0.0,0.0,0.0
景顺长城,passive_equity_etf_with_link,20250630,579.0,22.0,31.0,41.0
永赢,passive_equity_etf_with_link,20241231,47.0,0.0,0.0,0.0
永赢,passive_equity_etf_with_link,20250331,72.5,0.0,0.0,0.0
永赢,passive_equity_etf_with_link,20250630,98.0,18.0,8.0,26.0
汇添富,passive_equity_etf_with_link,20241231,591.0,0.0,0.0,0.0
汇添富,passive_equity_etf_with_link,20250331,667.5,0.0,0.0,0.0
汇添富,passive_equity_etf_with_link,20250630,744.0,44.0,12.0,97.0
泰康,passive_equity_etf_with_link,20241231,134.0,0.0,0.0,0.0
泰康,passive_equity_etf_with_link,20250331,121.0,0.0,0.0,0.0
泰康,passive_equity_etf_with_link,20250630,108.0,0.0,2.0,-28.0
西藏东财,passive_equity_etf_with_link,20241231,53.0,0.0,0.0,0.0
西藏东财,passive_equity_etf_with_link,20250331,62.0,0.0,0.0,0.0
西藏东财,passive_equity_etf_with_link,20250630,71.0,12.0,3.0,4.0
银华,passive_equity_etf_with_link,20241231,420.0,0.0,0.0,0.0
银华,passive_equity_etf_with_link,20250331,415.5,0.0,0.0,0.0
银华,passive_equity_etf_with_link,20250630,411.0,11.0,25.0,-45.0
鹏华,passive_equity_etf_with_link,20241231,474.0,0.0,0.0,0.0
鹏华,passive_equity_etf_with_link,20250331,503.0,0.0,0.0,0.0
鹏华,passive_equity_etf_with_link,20250630,532.0,43.0,9.0,6.0
鹏扬,passive_equity_etf_with_link,20241231,31.0,0.0,0.0,0.0
鹏扬,passive_equity_etf_with_link,20250331,29.5,0.0,0.0,0.0
鹏扬,passive_equity_etf_with_link,20250630,28.0,0.0,0.0,-4.0
__industry__,total,20241231,327930.0,0.0,0.0,0.0
__industry__,total,20250331,322447.0,0.0,0.0,0.0
__industry__,total,20250630,344167.0,5301.0,6313.0,4623.0
万家,total,20241231,4959.0,0.0,0.0,0.0
万家,total,20250331,4967.0,0.0,0.0,0.0
万家,total,20250630,5098.9274,0.0,0.0,0.0
万联资管,total,20241231,4.7366,0.0,0.0,0.0
万联资管,total,20250331,4.7366,0.0,0.0,0.0
万联资管,total,20250630,4.7366,0.0,0.0,0.0
上海证券,total,20241231,19.8378,0.0,0.0,0.0
上海证券,total,20250331,19.8378,0.0,0.0,0.0
上海证券,total,20250630,19.8378,0.0,0.0,0.0
上银,total,20241231,2505.9515,0.0,0.0,0.0
上银,total,20250331,2505.9515,0.0,0.0,0.0
上银,total,20250630,2505.9515,0.0,0.0,0.0
东兴,total,20241231,389.1172,0.0,0.0,0.0
东兴,total,20250331,389.1172,0.0,0.0,0.0
东兴,total,20250630,389.1172,0.0,0.0,0.0
东吴,total,20241231,376.8075,0.0,0.0,0.0
东吴,total,20250331,376.8075,0.0,0.0,0.0
东吴,total,20250630,376.8075,0.0,0.0,0.0
东吴证券,total,20241231,0.8567,0.0,0.0,0.0
东吴证券,total,20250331,0.8567,0.0,0.0,0.0
东吴证券,total,20250630,0.8567,0.0,0.0,0.0
东方,total,20241231,1234.0457,0.0,0.0,0.0
东方,total,20250331,1234.0457,0.0,0.0,0.0
东方,total,20250630,1234.0457,0.0,0.0,0.0
东方红,total,20241231,1798.4284,0.0,0.0,0.0
东方红,total,20250331,1798.4284,0.0,0.0,0.0
东方红,total,20250630,1798.4284,0.0,0.0,0.0
东方阿尔法,total,20241231,52.7834,0.0,0.0,0.0
东方阿尔法,total,20250331,52.7834,0.0,0.0,0.0
东方阿尔法,total,20250630,52.7834,0.0,0.0,0.0
东海,total,20241231,284.1975,0.0,0.0,0.0
东海,total,20250331,284.1975,0.0,0.0,0.0
东海,total,20250630,284.1975,0.0,0.0,0.0
东海证券,total,20241231,7.311,0.0,0.0,0.0
东海证券,total,20250331,7.311,0.0,0.0,0.0
东海证券,total,20250630,7.311,0.0,0.0,0.0
东莞证券,total,20241231,35.9678,0.0,0.0,0.0
东莞证券,total,20250331,35.9678,0.0,0.0,0.0
东莞证券,total,20250630,35.9678,0.0,0.0,0.0
东证融汇,total,20241231,177.4358,0.0,0.0,0.0
东证融汇,total,20250331,177.4358,0.0,0.0,0.0
东证融汇,total,20250630,177.4358,0.0,0.0,0.0
中信保诚,total,20241231,1629.2901,0.0,0.0,0.0
中信保诚,total,20250331,1629.2901,0.0,0.0,0.0
中信保诚,total,20250630,1629.2901,0.0,0.0,0.0
中信建投,total,20241231,759.2744,0.0,0.0,0.0
中信建投,total,20250331,759.2744,0.0,0.0,0.0
中信建投,total,20250630,759.2744,0.0,0.0,0.0
中信建投证券,total,20241231,251.8497,0.0,0.0,0.0
中信建投证券,total,20250331,251.8497,0.0,0.0,0.0
中信建投证券,total,20250630,251.8497,0.0,0.0,0.0
中信证券资管,total,20241231,186.8296,0.0,0.0,0.0
中信证券资管,total,20250331,186.8296,0.0,0.0,0.0
中信证券资管,total,20250630,186.8296,0.0,0.0,0.0
中加,total,20241231,1409.2359,0.0,0.0,0.0
中加,total,20250331,1409.2359,0.0,0.0,0.0
中加,total,20250630,1409.2359,0.0,0.0,0.0
中原证券,total,20241231,36.3899,0.0,0.0,0.0
中原证券,total,20250331,36.3899,0.0,0.0,0.0
中原证券,total,20250630,36.3899,0.0,0.0,0.0
中庚,total,20241231,116.0726,0.0,0.0,0.0
中庚,total,20250331,116.0726,0.0,0.0,0.0
中庚,total,20250630,116.0726,0.0,0.0,0.0
中欧,total,20241231,5289.0,0.0,0.0,0.0
中欧,total,20250331,5798.0,0.0,0.0,0.0
中欧,total,20250630,6138.5136,0.0,0.0,0.0
中泰证券资管,total,20241231,418.8977,0.0,0.0,0.0
中泰证券资管,total,20250331,418.8977,0.0,0.0,0.0
中泰证券资管,total,20250630,418.8977,0.0,0.0,0.0
中海,total,20241231,115.4062,0.0,0.0,0.0
中海,total,20250331,115.4062,0.0,0.0,0.0
中海,total,20250630,115.4062,0.0,0.0,0.0
中科沃土,total,20241231,1.1082,0.0,0.0,0.0
中科沃土,total,20250331,1.1082,0.0,0.0,0.0
中科沃土,total,20250630,1.1082,0.0,0.0,0.0
中航,total,20241231,478.2281,0.0,0.0,0.0
中航,total,20250331,478.2281,0.0,0.0,0.0
中航,total,20250630,478.2281,0.0,0.0,0.0
中邮,total,20241231,737.8751,0.0,0.0,0.0
中邮,total,20250331,737.8751,0.0,0.0,0.0
中邮,total,20250630,737.8751,0.0,0.0,0.0
中金,total,20241231,2207.5915,0.0,0.0,0.0
中金,total,20250331,2207.5915,0.0,0.0,0.0
中金,total,20250630,2207.5915,0.0,0.0,0.0
中金公司,total,20241231,5.3777,0.0,0.0,0.0
中金公司,total,20250331,5.3777,0.0,0.0,0.0
中金公司,total,20250630,5.3777,0.0,0.0,0.0
中金财富,total,20241231,164.6281,0.0,0.0,0.0
中金财富,total,20250331,164.6281,0.0,0.0,0.0
中金财富,total,20250630,164.6281,0.0,0.0,0.0
中银,total,20241231,6188.0,0.0,0.0,0.0
中银,total,20250331,6510.0,0.0,0.0,0.0
中银,total,20250630,6770.634,0.0,0.0,0.0
中银证券,total,20241231,1304.0703,0.0,0.0,0.0
中银证券,total,20250331,1304.0703,0.0,0.0,0.0
中银证券,total,20250630,1304.0703,0.0,0.0,0.0
九泰,total,20241231,11.0894,0.0,0.0,0.0
九泰,total,20250331,11.0894,0.0,0.0,0.0
九泰,total,20250630,11.0894,0.0,0.0,0.0
交银施罗德,total,20241231,5378.0,0.0,0.0,0.0
交银施罗德,total,20250331,4689.0,0.0,0.0,0.0
交银施罗德,total,20250630,4985.0524,0.0,0.0,0.0
京管泰富,total,20241231,145.2535,0.0,0.0,0.0
京管泰富,total,20250331,145.2535,0.0,0.0,0.0
京管泰富,total,20250630,145.2535,0.0,0.0,0.0
人保资产,total,20241231,245.1934,0.0,0.0,0.0
人保资产,total,20250331,245.1934,0.0,0.0,0.0
人保资产,total,20250630,245.1934,0.0,0.0,0.0
信达澳亚,total,20241231,1030.063,0.0,0.0,0.0
信达澳亚,total,20250331,1030.063,0.0,0.0,0.0
信达澳亚,total,20250630,1030.063,0.0,0.0,0.0
信达证券,total,20241231,30.0262,0.0,0.0,0.0
信达证券,total,20250331,30.0262,0.0,0.0,0.0
信达证券,total,20250630,30.0262,0.0,0.0,0.0
先锋,total,20241231,27.3805,0.0,0.0,0.0
先锋,total,20250331,27.3805,0.0,0.0,0.0
先锋,total,20250630,27.3805,0.0,0.0,0.0
光大保德信,total,20241231,791.3568,0.0,0.0,0.0
光大保德信,total,20250331,791.3568,0.0,0.0,0.0
光大保德信,total,20250630,791.3568,0.0,0.0,0.0
光证资管,total,20241231,316.5274,0.0,0.0,0.0
光证资管,total,20250331,316.5274,0.0,0.0,0.0
光证资管,total,20250630,316.5274,0.0,0.0,0.0
兴业,total,20241231,3475.0,0.0,0.0,0.0
兴业,total,20250331,3611.0,0.0,0.0,0.0
兴业,total,20250630,4480.2336,0.0,0.0,0.0
兴华,total,20241231,73.1078,0.0,0.0,0.0
兴华,total,20250331,73.1078,0.0,0.0,0.0
兴华,total,20250630,73.1078,0.0,0.0,0.0
兴合,total,20241231,3.7174,0.0,0.0,0.0
兴合,total,20250331,3.7174,0.0,0.0,0.0
兴合,total,20250630,3.7174,0.0,0.0,0.0
兴证全球,total,20241231,6515.0,0.0,0.0,0.0
兴证全球,total,20250331,6520.0,0.0,0.0,0.0
兴证全球,total,20250630,7033.7718,0.0,0.0,0.0
兴证资管,total,20241231,67.5889,0.0,0.0,0.0
兴证资管,total,20250331,67.5889,0.0,0.0,0.0
兴证资管,total,20250630,67.5889,0.0,0.0,0.0
兴银,total,20241231,1101.6627,0.0,0.0,0.0
兴银,total,20250331,1101.6627,0.0,0.0,0.0
兴银,total,20250630,1101.6627,0.0,0.0,0.0
农银汇理,total,20241231,2092.2656,0.0,0.0,0.0
农银汇理,total,20250331,2092.2656,0.0,0.0,0.0
农银汇理,total,20250630,2092.2656,0.0,0.0,0.0
凯石,total,20241231,1.0604,0.0,0.0,0.0
凯石,total,20250331,1.0604,0.0,0.0,0.0
凯石,total,20250630,1.0604,0.0,0.0,0.0
创金合信,total,20241231,1747.7353,0.0,0.0,0.0
创金合信,total,20250331,1747.7353,0.0,0.0,0.0
创金合信,total,20250630,1747.7353,0.0,0.0,0.0
前海开源,total,20241231,1047.262,0.0,0.0,0.0
前海开源,total,20250331,1047.262,0.0,0.0,0.0
前海开源,total,20250630,1047.262,0.0,0.0,0.0
北信瑞丰,total,20241231,27.0581,0.0,0.0,0.0
北信瑞丰,total,20250331,27.0581,0.0,0.0,0.0
北信瑞丰,total,20250630,27.0581,0.0,0.0,0.0
华商,total,20241231,1215.3702,0.0,0.0,0.0
华商,total,20250331,1215.3702,0.0,0.0,0.0
华商,total,20250630,1215.3702,0.0,0.0,0.0
华夏,total,20241231,17881.0,0.0,0.0,0.0
华夏,total,20250331,19149.0,0.0,0.0,0.0
华夏,total,20250630,21003.9671,0.0,0.0,0.0
华安,total,20241231,6898.0,0.0,0.0,0.0
华安,total,20250331,7193.0,0.0,0.0,0.0
华安,total,20250630,7488.8397,0.0,0.0,0.0
华安资管,total,20241231,64.9633,0.0,0.0,0.0
华安资管,total,20250331,64.9633,0.0,0.0,0.0
华安资管,total,20250630,64.9633,0.0,0.0,0.0
华宝,total,20241231,3554.0,0.0,0.0,0.0
华宝,total,20250331,3358.0,0.0,0.0,0.0
华宝,total,20250630,3556.7009,0.0,0.0,0.0
华宸未来,total,20241231,2.563,0.0,0.0,0.0
华宸未来,total,20250331,2.563,0.0,0.0,0.0
华宸未来,total,20250630,2.563,0.0,0.0,0.0
华富,total,20241231,954.7696,0.0,0.0,0.0
华富,total,20250331,954.7696,0.0,0.0,0.0
华富,total,20250630,954.7696,0.0,0.0,0.0
华泰保兴,total,20241231,677.0655,0.0,0.0,0.0
华泰保兴,total,20250331,677.0655,0.0,0.0,0.0
华泰保兴,total,20250630,677.0655,0.0,0.0,0.0
华泰柏瑞,total,20241231,6775.0,0.0,0.0,0.0
华泰柏瑞,total,20250331,6509.0,0.0,0.0,0.0
华泰柏瑞,total,20250630,7081.4091,0.0,0.0,0.0
华泰证券资管,total,20241231,1651.1051,0.0,0.0,0.0
华泰证券资管,total,20250331,1651.1051,0.0,0.0,0.0
华泰证券资管,total,20250630,1651.1051,0.0,0.0,0.0
华润元大,total,20241231,132.9387,0.0,0.0,0.0
华润元大,total,20250331,132.9387,0.0,0.0,0.0
华润元大,total,20250630,132.9387,0.0,0.0,0.0
华西,total,20241231,2.9732,0.0,0.0,0.0
华西,total,20250331,2.9732,0.0,0.0,0.0
华西,total,20250630,2.9732,0.0,0.0,0.0
南京证券,total,20241231,4.6772,0.0,0.0,0.0
南京证券,total,20250331,4.6772,0.0,0.0,0.0
南京证券,total,20250630,4.6772,0.0,0.0,0.0
南华,total,20241231,215.2689,0.0,0.0,0.0
南华,total,20250331,215.2689,0.0,0.0,0.0
南华,total,20250630,215.2689,0.0,0.0,0.0
南方,total,20241231,13197.0,0.0,0.0,0.0
南方,total,20250331,13062.0,0.0,0.0,0.0
南方,total,20250630,13849.8292,0.0,0.0,0.0
博时,total,20241231,11209.0,0.0,0.0,0.0
博时,total,20250331,10692.0,0.0,0.0,0.0
博时,total,20250630,11324.3573,0.0,0.0,0.0
博远,total,20241231,89.9634,0.0,0.0,0.0
博远,total,20250331,89.9634,0.0,0.0,0.0
博远,total,20250630,89.9634,0.0,0.0,0.0
博道,total,20241231,227.737,0.0,0.0,0.0
博道,total,20250331,227.737,0.0,0.0,0.0
博道,total,20250630,227.737,0.0,0.0,0.0
合煦智远,total,20241231,4.2358,0.0,0.0,0.0
合煦智远,total,20250331,4.2358,0.0,0.0,0.0
合煦智远,total,20250630,4.2358,0.0,0.0,0.0
同泰,total,20241231,76.8671,0.0,0.0,0.0
同泰,total,20250331,76.8671,0.0,0.0,0.0
同泰,total,20250630,76.8671,0.0,0.0,0.0
嘉合,total,20241231,443.4513,0.0,0.0,0.0
嘉合,total,20250331,443.4513,0.0,0.0,0.0
嘉合,total,20250630,443.4513,0.0,0.0,0.0
嘉实,total,20241231,10414.0,0.0,0.0,0.0
嘉实,total,20250331,10259.0,0.0,0.0,0.0
嘉实,total,20250630,11350.8204,0.0,0.0,0.0
国信资管,total,20241231,249.7907,0.0,0.0,0.0
国信资管,total,20250331,249.7907,0.0,0.0,0.0
国信资管,total,20250630,249.7907,0.0,0.0,0.0
国元证券,total,20241231,28.7762,0.0,0.0,0.0
国元证券,total,20250331,28.7762,0.0,0.0,0.0
国元证券,total,20250630,28.7762,0.0,0.0,0.0
国寿安保,total,20241231,3406.3562,0.0,0.0,0.0
国寿安保,total,20250331,3406.3562,0.0,0.0,0.0
国寿安保,total,20250630,3406.3562,0.0,0.0,0.0
国投瑞银,total,20241231,2493.1464,0.0,0.0,0.0
国投瑞银,total,20250331,2493.1464,0.0,0.0,0.0
国投瑞银,total,20250630,2493.1464,0.0,0.0,0.0
国新国证,total,20241231,130.7711,0.0,0.0,0.0
国新国证,total,20250331,130.7711,0.0,0.0,0.0
国新国证,total,20250630,130.7711,0.0,0.0,0.0
国泰,total,20241231,7102.0,0.0,0.0,0.0
国泰,total,20250331,7095.0,0.0,0.0,0.0
国泰,total,20250630,7650.8534,0.0,0.0,0.0
国泰君安资管,total,20241231,823.3069,0.0,0.0,0.0
国泰君安资管,total,20250331,823.3069,0.0,0.0,0.0
国泰君安资管,total,20250630,823.3069,0.0,0.0,0.0
国海富兰克林,total,20241231,771.3789,0.0,0.0,0.0
国海富兰克林,total,20250331,771.3789,0.0,0.0,0.0
国海富兰克林,total,20250630,771.3789,0.0,0.0,0.0
国海证券,total,20241231,41.5163,0.0,0.0,0.0
国海证券,total,20250331,41.5163,0.0,0.0,0.0
国海证券,total,20250630,41.5163,0.0,0.0,0.0
国联,total,20241231,1578.5651,0.0,0.0,0.0
国联,total,20250331,1578.5651,0.0,0.0,0.0
国联,total,20250630,1578.5651,0.0,0.0,0.0
国联安,total,20241231,1352.1029,0.0,0.0,0.0
国联安,total,20250331,1352.1029,0.0,0.0,0.0
国联安,total,20250630,1352.1029,0.0,0.0,0.0
国联证券资管,total,20241231,102.2263,0.0,0.0,0.0
国联证券资管,total,20250331,102.2263,0.0,0.0,0.0
国联证券资管,total,20250630,102.2263,0.0,0.0,0.0
国融,total,20241231,27.9754,0.0,0.0,0.0
国融,total,20250331,27.9754,0.0,0.0,0.0
国融,total,20250630,27.9754,0.0,0.0,0.0
国证资管,total,20241231,170.5017,0.0,0.0,0.0
国证资管,total,20250331,170.5017,0.0,0.0,0.0
国证资管,total,20250630,170.5017,0.0,0.0,0.0
国都证券,total,20241231,0.1998,0.0,0.0,0.0
国都证券,total,20250331,0.1998,0.0,0.0,0.0
国都证券,total,20250630,0.1998,0.0,0.0,0.0
国金,total,20241231,713.851,0.0,0.0,0.0
国金,total,20250331,713.851,0.0,0.0,0.0
国金,total,20250630,713.851,0.0,0.0,0.0
圆信永丰,total,20241231,344.7391,0.0,0.0,0.0
圆信永丰,total,20250331,344.7391,0.0,0.0,0.0
圆信永丰,total,20250630,344.7391,0.0,0.0,0.0
大成,total,20241231,3591.0,0.0,0.0,0.0
大成,total,20250331,3812.0,0.0,0.0,0.0
大成,total,20250630,4323.7112,0.0,0.0,0.0
天弘,total,20241231,12434.0,0.0,0.0,0.0
天弘,total,20250331,12697.0,0.0,0.0,0.0
天弘,total,20250630,12899.3263,0.0,0.0,0.0
天治,total,20241231,96.4091,0.0,0.0,0.0
天治,total,20250331,96.4091,0.0,0.0,0.0
天治,total,20250630,96.4091,0.0,0.0,0.0
天风资管,total,20241231,3.6851,0.0,0.0,0.0
天风资管,total,20250331,3.6851,0.0,0.0,0.0
天风资管,total,20250630,3.6851,0.0,0.0,0.0
太平,total,20241231,576.1094,0.0,0.0,0.0
太平,total,20250331,576.1094,0.0,0.0,0.0
太平,total,20250630,576.1094,0.0,0.0,0.0
安信,total,20241231,940.3392,0.0,0.0,0.0
安信,total,20250331,940.3392,0.0,0.0,0.0
安信,total,20250630,940.3392,0.0,0.0,0.0
安联,total,20241231,6.854,0.0,0.0,0.0
安联,total,20250331,6.854,0.0,0.0,0.0
安联,total,20250630,6.854,0.0,0.0,0.0
宏利,total,20241231,955.6103,0.0,0.0,0.0
宏利,total,20250331,955.6103,0.0,0.0,0.0
宏利,total,20250630,955.6103,0.0,0.0,0.0
宝盈,total,20241231,732.9271,0.0,0.0,0.0
宝盈,total,20250331,732.9271,0.0,0.0,0.0
宝盈,total,20250630,732.9271,0.0,0.0,0.0
富国,total,20241231,10877.0,0.0,0.0,0.0
富国,total,20250331,10946.0,0.0,0.0,0.0
富国,total,20250630,11951.3384,0.0,0.0,0.0
富安达,total,20241231,132.377,0.0,0.0,0.0
富安达,total,20250331,132.377,0.0,0.0,0.0
富安达,total,20250630,132.377,0.0,0.0,0.0
富荣,total,20241231,183.0108,0.0,0.0,0.0
富荣,total,20250331,183.0108,0.0,0.0,0.0
富荣,total,20250630,183.0108,0.0,0.0,0.0
富达,total,20241231,41.2076,0.0,0.0,0.0
富达,total,20250331,41.2076,0.0,0.0,0.0
富达,total,20250630,41.2076,0.0,0.0,0.0
尚正,total,20241231,68.3565,0.0,0.0,0.0
尚正,total,20250331,68.3565,0.0,0.0,0.0
尚正,total,20250630,68.3565,0.0,0.0,0.0
山证资管,total,20241231,274.7663,0.0,0.0,0.0
山证资管,total,20250331,274.7663,0.0,0.0,0.0
山证资管,total,20250630,274.7663,0.0,0.0,0.0
工银瑞信,total,20241231,8442.0,0.0,0.0,0.0
工银瑞信,total,20250331,7927.0,0.0,0.0,0.0
工银瑞信,total,20250630,7985.453,0.0,0.0,0.0
平安,total,20241231,6353.0,0.0,0.0,0.0
平安,total,20250331,6060.0,0.0,0.0,0.0
平安,total,20250630,6602.269,0.0,0.0,0.0
平安证券,total,20241231,309.0535,0.0,0.0,0.0
平安证券,total,20250331,309.0535,0.0,0.0,0.0
平安证券,total,20250630,309.0535,0.0,0.0,0.0
广发,total,20241231,14478.0,0.0,0.0,0.0
广发,total,20250331,14437.0,0.0,0.0,0.0
广发,total,20250630,15096.5945,0.0,0.0,0.0
广发资管,total,20241231,325.3852,0.0,0.0,0.0
广发资管,total,20250331,325.3852,0.0,0.0,0.0
广发资管,total,20250630,325.3852,0.0,0.0,0.0
建信,total,20241231,8916.0,0.0,0.0,0.0
建信,total,20250331,8950.0,0.0,0.0,0.0
建信,total,20250630,9297.27,0.0,0.0,0.0
弘毅远方,total,20241231,5.5461,0.0,0.0,0.0
弘毅远方,total,20250331,5.5461,0.0,0.0,0.0
弘毅远方,total,20250630,5.5461,0.0,0.0,0.0
德邦,total,20241231,545.0563,0.0,0.0,0.0
德邦,total,20250331,545.0563,0.0,0.0,0.0
德邦,total,20250630,545.0563,0.0,0.0,0.0
德邦资管,total,20241231,2.3931,0.0,0.0,0.0
德邦资管,total,20250331,2.3931,0.0,0.0,0.0
德邦资管,total,20250630,2.3931,0.0,0.0,0.0
恒泰证券,total,20241231,4.6545,0.0,0.0,0.0
恒泰证券,total,20250331,4.6545,0.0,0.0,0.0
恒泰证券,total,20250630,4.6545,0.0,0.0,0.0
恒生前海,total,20241231,164.6957,0.0,0.0,0.0
恒生前海,total,20250331,164.6957,0.0,0.0,0.0
恒生前海,total,20250630,164.6957,0.0,0.0,0.0
恒越,total,20241231,33.2303,0.0,0.0,0.0
恒越,total,20250331,33.2303,0.0,0.0,0.0
恒越,total,20250630,33.2303,0.0,0.0,0.0
惠升,total,20241231,572.7735,0.0,0.0,0.0
惠升,total,20250331,572.7735,0.0,0.0,0.0
惠升,total,20250630,572.7735,0.0,0.0,0.0
招商,total,20241231,8892.0,0.0,0.0,0.0
招商,total,20250331,9333.0,0.0,0.0,0.0
招商,total,20250630,9062.0134,0.0,0.0,0.0
招商资管,total,20241231,615.5794,0.0,0.0,0.0
招商资管,total,20250331,615.5794,0.0,0.0,0.0
招商资管,total,20250630,615.5794,0.0,0.0,0.0
摩根,total,20241231,1868.4771,0.0,0.0,0.0
摩根,total,20250331,1868.4771,0.0,0.0,0.0
摩根,total,20250630,1868.4771,0.0,0.0,0.0
摩根士丹利,total,20241231,242.9282,0.0,0.0,0.0
摩根士丹利,total,20250331,242.9282,0.0,0.0,0.0
摩根士丹利,total,20250630,242.9282,0.0,0.0,0.0
新华,total,20241231,532.0568,0.0,0.0,0.0
新华,total,20250331,532.0568,0.0,0.0,0.0
新华,total,20250630,532.0568,0.0,0.0,0.0
新沃,total,20241231,127.64,0.0,0.0,0.0
新沃,total,20250331,127.64,0.0,0.0,0.0
新沃,total,20250630,127.64,0.0,0.0,0.0
新疆前海联合,total,20241231,150.9258,0.0,0.0,0.0
新疆前海联合,total,20250331,150.9258,0.0,0.0,0.0
新疆前海联合,total,20250630,150.9258,0.0,0.0,0.0
方正富邦,total,20241231,852.0116,0.0,0.0,0.0
方正富邦,total,20250331,852.0116,0.0,0.0,0.0
方正富邦,total,20250630,852.0116,0.0,0.0,0.0
方正证券,total,20241231,90.0148,0.0,0.0,0.0
方正证券,total,20250331,90.0148,0.0,0.0,0.0
方正证券,total,20250630,90.0148,0.0,0.0,0.0
施罗德,total,20241231,54.4266,0.0,0.0,0.0
施罗德,total,20250331,54.4266,0.0,0.0,0.0
施罗德,total,20250630,54.4266,0.0,0.0,0.0
明亚,total,20241231,1.2532,0.0,0.0,0.0
明亚,total,20250331,1.2532,0.0,0.0,0.0
明亚,total,20250630,1.2532,0.0,0.0,0.0
易方达,total,20241231,20422.0,0.0,0.0,0.0
易方达,total,20250331,20553.0,0.0,0.0,0.0
易方达,total,20250630,21650.1538,0.0,0.0,0.0
易米,total,20241231,14.1686,0.0,0.0,0.0
易米,total,20250331,14.1686,0.0,0.0,0.0
易米,total,20250630,14.1686,0.0,0.0,0.0
景顺长城,total,20241231,5946.0,0.0,0.0,0.0
景顺长城,total,20250331,6247.0,0.0,0.0,0.0
景顺长城,total,20250630,6574.5533,0.0,0.0,0.0
朱雀,total,20241231,100.8373,0.0,0.0,0.0
朱雀,total,20250331,100.8373,0.0,0.0,0.0
朱雀,total,20250630,100.8373,0.0,0.0,0.0
格林,total,20241231,256.4291,0.0,0.0,0.0
格林,total,20250331,256.4291,0.0,0.0,0.0
格林,total,20250630,256.4291,0.0,0.0,0.0
民生加银,total,20241231,1697.4894,0.0,0.0,0.0
民生加银,total,20250331,1697.4894,0.0,0.0,0.0
民生加银,total,20250630,1697.4894,0.0,0.0,0.0
永赢,total,20241231,5296.0,0.0,0.0,0.0
永赢,total,20250331,5039.0,0.0,0.0,0.0
永赢,total,20250630,5446.727,0.0,0.0,0.0
汇丰晋信,total,20241231,567.8311,0.0,0.0,0.0
汇丰晋信,total,20250331,567.8311,0.0,0.0,0.0
汇丰晋信,total,20250630,567.8311,0.0,0.0,0.0
汇安,total,20241231,509.9104,0.0,0.0,0.0
汇安,total,20250331,509.9104,0.0,0.0,0.0
汇安,total,20250630,509.9104,0.0,0.0,0.0
汇泉,total,20241231,24.3843,0.0,0.0,0.0
汇泉,total,20250331,24.3843,0.0,0.0,0.0
汇泉,total,20250630,24.3843,0.0,0.0,0.0
汇添富,total,20241231,9094.0,0.0,0.0,0.0
汇添富,total,20250331,9226.0,0.0,0.0,0.0
汇添富,total,20250630,10038.0957,0.0,0.0,0.0
汇百川,total,20241231,0.6238,0.0,0.0,0.0
汇百川,total,20250331,0.6238,0.0,0.0,0.0
汇百川,total,20250630,0.6238,0.0,0.0,0.0
江信,total,20241231,14.1625,0.0,0.0,0.0
江信,total,20250331,14.1625,0.0,0.0,0.0
江信,total,20250630,14.1625,0.0,0.0,0.0
泉果,total,20241231,180.2638,0.0,0.0,0.0
泉果,total,20250331,180.2638,0.0,0.0,0.0
泉果,total,20250630,180.2638,0.0,0.0,0.0
泓德,total,20241231,439.6196,0.0,0.0,0.0
泓德,total,20250331,439.6196,0.0,0.0,0.0
泓德,total,20250630,439.6196,0.0,0.0,0.0
泰信,total,20241231,329.3689,0.0,0.0,0.0
泰信,total,20250331,329.3689,0.0,0.0,0.0
泰信,total,20250630,329.3689,0.0,0.0,0.0
泰康,total,20241231,1378.9632,0.0,0.0,0.0
泰康,total,20250331,1378.9632,0.0,0.0,0.0
泰康,total,20250630,1378.9632,0.0,0.0,0.0
浙商,total,20241231,379.842,0.0,0.0,0.0
浙商,total,20250331,379.842,0.0,0.0,0.0
浙商,total,20250630,379.842,0.0,0.0,0.0
浙商资管,total,20241231,327.8319,0.0,0.0,0.0
浙商资管,total,20250331,327.8319,0.0,0.0,0.0
浙商资管,total,20250630,327.8319,0.0,0.0,0.0
浦银安盛,total,20241231,3820.0,0.0,0.0,0.0
浦银安盛,total,20250331,3563.0,0.0,0.0,0.0
浦银安盛,total,20250630,3616.6139,0.0,0.0,0.0
海富通,total,20241231,2161.2237,0.0,0.0,0.0
海富通,total,20250331,2161.2237,0.0,0.0,0.0
海富通,total,20250630,2161.2237,0.0,0.0,0.0
海通资管,total,20241231,179.625,0.0,0.0,0.0
海通资管,total,20250331,179.625,0.0,0.0,0.0
海通资管,total,20250630,179.625,0.0,0.0,0.0
淳厚,total,20241231,215.63,0.0,0.0,0.0
淳厚,total,20250331,215.63,0.0,0.0,0.0
淳厚,total,20250630,215.63,0.0,0.0,0.0
渤海汇金资管,total,20241231,235.5437,0.0,0.0,0.0
渤海汇金资管,total,20250331,235.5437,0.0,0.0,0.0
渤海汇金资管,total,20250630,235.5437,0.0,0.0,0.0
湘财,total,20241231,71.2812,0.0,0.0,0.0
湘财,total,20250331,71.2812,0.0,0.0,0.0
湘财,total,20250630,71.2812,0.0,0.0,0.0
湘财证券,total,20241231,26.99,0.0,0.0,0.0
湘财证券,total,20250331,26.99,0.0,0.0,0.0
湘财证券,total,20250630,26.99,0.0,0.0,0.0
瑞达,total,20241231,0.8919,0.0,0.0,0.0
瑞达,total,20250331,0.8919,0.0,0.0,0.0
瑞达,total,20250630,0.8919,0.0,0.0,0.0
申万宏源资管,total,20241231,271.4855,0.0,0.0,0.0
申万宏源资管,total,20250331,271.4855,0.0,0.0,0.0
申万宏源资管,total,20250630,271.4855,0.0,0.0,0.0
申万菱信,total,20241231,828.3252,0.0,0.0,0.0
申万菱信,total,20250331,828.3252,0.0,0.0,0.0
申万菱信,total,20250630,828.3252,0.0,0.0,0.0
百嘉,total,20241231,73.5073,0.0,0.0,0.0
百嘉,total,20250331,73.5073,0.0,0.0,0.0
百嘉,total,20250630,73.5073,0.0,0.0,0.0
益民,total,20241231,9.1339,0.0,0.0,0.0
益民,total,20250331,9.1339,0.0,0.0,0.0
益民,total,20250630,9.1339,0.0,0.0,0.0
睿远,total,20241231,462.1519,0.0,0.0,0.0
睿远,total,20250331,462.1519,0.0,0.0,0.0
睿远,total,20250630,462.1519,0.0,0.0,0.0
粤开证券,total,20241231,4.7065,0.0,0.0,0.0
粤开证券,total,20250331,4.7065,0.0,0.0,0.0
粤开证券,total,20250630,4.7065,0.0,0.0,0.0
红土创新,total,20241231,213.2811,0.0,0.0,0.0
红土创新,total,20250331,213.2811,0.0,0.0,0.0
红土创新,total,20250630,213.2811,0.0,0.0,0.0
红塔红土,total,20241231,61.6845,0.0,0.0,0.0
红塔红土,total,20250331,61.6845,0.0,0.0,0.0
红塔红土,total,20250630,61.6845,0.0,0.0,0.0
联博,total,20241231,11.1015,0.0,0.0,0.0
联博,total,20250331,11.1015,0.0,0.0,0.0
联博,total,20250630,11.1015,0.0,0.0,0.0
苏新,total,20241231,145.7747,0.0,0.0,0.0
苏新,total,20250331,145.7747,0.0,0.0,0.0
苏新,total,20250630,145.7747,0.0,0.0,0.0
英大,total,20241231,613.8544,0.0,0.0,0.0
英大,total,20250331,613.8544,0.0,0.0,0.0
英大,total,20250630,613.8544,0.0,0.0,0.0
蜂巢,total,20241231,488.8405,0.0,0.0,0.0
蜂巢,total,20250331,488.8405,0.0,0.0,0.0
蜂巢,total,20250630,488.8405,0.0,0.0,0.0
融通,total,20241231,1542.5384,0.0,0.0,0.0
融通,total,20250331,1542.5384,0.0,0.0,0.0
融通,total,20250630,1542.5384,0.0,0.0,0.0
西南证券,total,20241231,9.0158,0.0,0.0,0.0
西南证券,total,20250331,9.0158,0.0,0.0,0.0
西南证券,total,20250630,9.0158,0.0,0.0,0.0
西藏东财,total,20241231,375.0784,0.0,0.0,0.0
西藏东财,total,20250331,375.0784,0.0,0.0,0.0
西藏东财,total,20250630,375.0784,0.0,0.0,0.0
西部利得,total,20241231,1161.2705,0.0,0.0,0.0
西部利得,total,20250331,1161.2705,0.0,0.0,0.0
西部利得,total,20250630,1161.2705,0.0,0.0,0.0
西部证券,total,20241231,5.0058,0.0,0.0,0.0
西部证券,total,20250331,5.0058,0.0,0.0,0.0
西部证券,total,20250630,5.0058,0.0,0.0,0.0
诚通证券,total,20241231,3.0032,0.0,0.0,0.0
诚通证券,total,20250331,3.0032,0.0,0.0,0.0
诚通证券,total,20250630,3.0032,0.0,0.0,0.0
诺安,total,20241231,1886.4253,0.0,0.0,0.0
诺安,total,20250331,1886.4253,0.0,0.0,0.0
诺安,total,20250630,1886.4253,0.0,0.0,0.0
诺德,total,20241231,346.0571,0.0,0.0,0.0
诺德,total,20250331,346.0571,0.0,0.0,0.0
诺德,total,20250630,346.0571,0.0,0.0,0.0
贝莱德,total,20241231,68.6035,0.0,0.0,0.0
贝莱德,total,20250331,68.6035,0.0,0.0,0.0
贝莱德,total,20250630,68.6035,0.0,0.0,0.0
财信证券,total,20241231,2.1622,0.0,0.0,0.0
财信证券,total,20250331,2.1622,0.0,0.0,0.0
财信证券,total,20250630,2.1622,0.0,0.0,0.0
财达证券,total,20241231,10.1861,0.0,0.0,0.0
财达证券,total,20250331,10.1861,0.0,0.0,0.0
财达证券,total,20250630,10.1861,0.0,0.0,0.0
财通,total,20241231,747.531,0.0,0.0,0.0
财通,total,20250331,747.531,0.0,0.0,0.0
财通,total,20250630,747.531,0.0,0.0,0.0
财通证券资管,total,20241231,1136.247,0.0,0.0,0.0
财通证券资管,total,20250331,1136.247,0.0,0.0,0.0
财通证券资管,total,20250630,1136.247,0.0,0.0,0.0
路博迈,total,20241231,128.9995,0.0,0.0,0.0
路博迈,total,20250331,128.9995,0.0,0.0,0.0
路博迈,total,20250630,128.9995,0.0,0.0,0.0
达诚,total,20241231,14.5538,0.0,0.0,0.0
达诚,total,20250331,14.5538,0.0,0.0,0.0
达诚,total,20250630,14.5538,0.0,0.0,0.0
金信,total,20241231,138.7011,0.0,0.0,0.0
金信,total,20250331,138.7011,0.0,0.0,0.0
金信,total,20250630,138.7011,0.0,0.0,0.0
金元顺安,total,20241231,277.2635,0.0,0.0,0.0
金元顺安,total,20250331,277.2635,0.0,0.0,0.0
金元顺安,total,20250630,277.2635,0.0,0.0,0.0
金鹰,total,20241231,680.2465,0.0,0.0,0.0
金鹰,total,20250331,680.2465,0.0,0.0,0.0
金鹰,total,20250630,680.2465,0.0,0.0,0.0
鑫元,total,20241231,2117.8442,0.0,0.0,0.0
鑫元,total,20250331,2117.8442,0.0,0.0,0.0
鑫元,total,20250630,2117.8442,0.0,0.0,0.0
银华,total,20241231,5344.0,0.0,0.0,0.0
银华,total,20250331,5286.0,0.0,0.0,0.0
银华,total,20250630,5806.4369,0.0,0.0,0.0
银河,total,20241231,1063.6893,0.0,0.0,0.0
银河,total,20250331,1063.6893,0.0,0.0,0.0
银河,total,20250630,1063.6893,0.0,0.0,0.0
银河金汇,total,20241231,315.1985,0.0,0.0,0.0
银河金汇,total,20250331,315.1985,0.0,0.0,0.0
银河金汇,total,20250630,315.1985,0.0,0.0,0.0
长信,total,20241231,1906.3864,0.0,0.0,0.0
长信,total,20250331,1906.3864,0.0,0.0,0.0
长信,total,20250630,1906.3864,0.0,0.0,0.0
长城,total,20241231,3352.0,0.0,0.0,0.0
长城,total,20250331,3342.0,0.0,0.0,0.0
长城,total,20250630,3478.9369,0.0,0.0,0.0
长安,total,20241231,144.4933,0.0,0.0,0.0
长安,total,20250331,144.4933,0.0,0.0,0.0
长安,total,20250630,144.4933,0.0,0.0,0.0
长江资管,total,20241231,294.9812,0.0,0.0,0.0
长江资管,total,20250331,294.9812,0.0,0.0,0.0
长江资管,total,20250630,294.9812,0.0,0.0,0.0
长盛,total,20241231,964.1284,0.0,0.0,0.0
长盛,total,20250331,964.1284,0.0,0.0,0.0
长盛,total,20250630,964.1284,0.0,0.0,0.0
鹏华,total,20241231,9122.0,0.0,0.0,0.0
鹏华,total,20250331,8747.0,0.0,0.0,0.0
鹏华,total,20250630,9500.7664,0.0,0.0,0.0
鹏扬,total,20241231,1409.5807,0.0,0.0,0.0
鹏扬,total,20250331,1409.5807,0.0,0.0,0.0
鹏扬,total,20250630,1409.5807,0.0,0.0,0.0
